tconst;videoId
tt22029066;XIT1u0DxuRs
tt13943546;fnn9zEQbqI0
tt12580982;QOTKWuIlmh8
tt17047510;6Of1wKwGVPo
tt12286434;L2GVrR8233E
tt18970038;jcQhT_HZx8s
tt10160886;5vmaG3MUrYg
tt18302114;QFwJJywzbDs
tt11178402;HJ6iehLtmtY
tt15094392;RKWQ2Pce74k
tt22697176;C57EJhgQ8t0
tt18069908;tFMQs50V1g8
tt8484160;DpZ3yZhsWZE
tt11875316;MUpFzScK7P8
tt11226258;79sHAvFiBt0
tt6473066;OWEgUhWU4g4
tt11852810;OGX8Jyjkj0o
tt14446288;MgQUed4iEI8
tt0084827;INv-OQ1clmw
tt22028876;mrDe05g1bLU
tt15566204;VS3_UU-sWeM
tt17048514;YBCOVyYo6VA
tt0094737;YM8zgY7sG_g
tt12225230;GlYxLChVy_0
tt8610082;ijsh5RVYnoY
tt11097576;vOTDb9UqTa0
tt11238096;Z6ET4N6Sfhs
tt11547014;tLrwPjLlOjM
tt22028912;SRDGQZHsiGg
tt7939768;OD3UhmRy4lg
tt14301252;EGsoC0bWakU
tt11871764;qNlrmBWY25Q
tt18269838;#NAVN?
tt11176048;S1JmLvFWi0w
tt13302848;BmYhYPNbhtw
tt0078869;0FKJNcV9Ym4
tt13574490;D7HrBvBJR-c
tt13984924;SwAF6sYb94s
tt15428794;1gvcNY5ywqw
tt21272676;ocYDDO_04lQ
tt22010428;E0JxDffw9J8
tt19867058;_1PSRHVtmIo
tt0103584;gh0KJImjkqc
tt14949574;Aofd2grKYCs
tt6539830;ZpkRgaXNGyo
tt13089270;#NAVN?
tt16378028;IPNmW1Mug-4
tt11146690;xDlGkFoj1TY
tt21348558;Pi-dyFk5pgo
tt0072951;nswae1s320k
tt12105232;Ptlg57Ilpso
tt0065566;32g-9Jbwlc4
tt12076020;P1_KHFbCzIY
tt0077305;iv3yDQ83Jcc
tt0064603;gn3gK27HIsw
tt12944764;BnpTgHVmH_0
tt0075200;qFn9Tmjj-hY
tt10516496;HLdY__1EKic
tt21199644;YrdjmuREFrc
tt9695266;hz6stWWu6XI
tt12579042;Ahu3shMjKxE
tt7759016;VgR3DLLm_j4
tt16022750;krv321vG4og
tt10225108;fZWoS5vW8J8
tt22028886;pYr2shJhO2Y
tt14598810;oqZ3fq-hYxo
tt14465474;WluwGWAyfqU
