,Unnamed: 0,channelId,videoId,videoTitle,publishTime,publishedAt,title_lowered,is_trailer
0,0,UCWOA1ZGywLbqmigxE4Qlvuw,SgwKZAMx_gM,White Noise | Official Trailer | Netflix,2022-11-22T16:00:00Z,2022-11-22T16:00:00Z,white noise | official trailer | netflix,True
1,1,UCWOA1ZGywLbqmigxE4Qlvuw,gj5ibYSz8C0,Glass Onion: A Knives Out Mystery | Official Trailer | Netflix,2022-11-07T15:00:00Z,2022-11-07T15:00:00Z,glass onion: a knives out mystery | official trailer | netflix,True
2,2,UCWOA1ZGywLbqmigxE4Qlvuw,dT0kexzmU7A,The Recruit | Official Trailer | Netflix,2022-11-16T16:00:02Z,2022-11-16T16:00:02Z,the recruit | official trailer | netflix,True
3,3,UCWOA1ZGywLbqmigxE4Qlvuw,ry6HYg3AsHA,The Witcher: Blood Origin | Official Teaser Trailer | Netflix,2022-11-10T16:00:01Z,2022-11-10T16:00:01Z,the witcher: blood origin | official teaser trailer | netflix,True
4,4,UCWOA1ZGywLbqmigxE4Qlvuw,vrodN7I_Xko,Trevor Noah: I Wish You Would | Official Trailer | Netflix,2022-11-16T16:33:56Z,2022-11-16T16:33:56Z,trevor noah: i wish you would | official trailer | netflix,True
5,5,UCWOA1ZGywLbqmigxE4Qlvuw,hf8EYbVxtCY,All Quiet on the Western Front | Official Trailer | Netflix,2022-10-20T13:00:00Z,2022-10-20T13:00:00Z,all quiet on the western front | official trailer | netflix,True
6,6,UCWOA1ZGywLbqmigxE4Qlvuw,ry6HYg3AsHA,The Witcher: Blood Origin | Official Teaser Trailer | Netflix,2022-11-10T16:00:01Z,2022-11-10T16:00:01Z,the witcher: blood origin | official teaser trailer | netflix,True
7,7,UCWOA1ZGywLbqmigxE4Qlvuw,Od2NW1sfRdA,GUILLERMO DEL TORO&#39;S PINOCCHIO | Official Trailer | Netflix,2022-11-09T16:00:02Z,2022-11-09T16:00:02Z,guillermo del toro&#39;s pinocchio | official trailer | netflix,True
8,8,UCWOA1ZGywLbqmigxE4Qlvuw,FBnkVJslRGo,Slumberland | Official Trailer | Netflix,2022-10-06T13:30:00Z,2022-10-06T13:30:00Z,slumberland | official trailer | netflix,True
9,9,UCWOA1ZGywLbqmigxE4Qlvuw,1qWUUGB7KUs,&quot;Sr.&quot; | Robert Downey Jr. | Official Trailer | Netflix,2022-11-14T17:00:01Z,2022-11-14T17:00:01Z,&quot;sr.&quot; | robert downey jr. | official trailer | netflix,True
10,10,UCWOA1ZGywLbqmigxE4Qlvuw,htybz7XscIY,The Wonder | Official Trailer | Netflix,2022-10-04T14:00:00Z,2022-10-04T14:00:00Z,the wonder | official trailer | netflix,True
11,11,UCWOA1ZGywLbqmigxE4Qlvuw,kDA-phXyYH8,Blockbuster | Official Trailer | Netflix,2022-10-07T16:30:00Z,2022-10-07T16:30:00Z,blockbuster | official trailer | netflix,True
12,12,UCWOA1ZGywLbqmigxE4Qlvuw,-xR_lBtEvSc,Glass Onion: A Knives Out Mystery | Official Teaser Trailer | Netflix,2022-09-08T13:00:03Z,2022-09-08T13:00:03Z,glass onion: a knives out mystery | official teaser trailer | netflix,True
13,13,UCWOA1ZGywLbqmigxE4Qlvuw,Q33TkQKlIMg,Our Universe | Official Trailer | Netflix,2022-11-10T15:30:00Z,2022-11-10T15:30:00Z,our universe | official trailer | netflix,True
14,14,UCWOA1ZGywLbqmigxE4Qlvuw,FBnkVJslRGo,Slumberland | Official Trailer | Netflix,2022-10-06T13:30:00Z,2022-10-06T13:30:00Z,slumberland | official trailer | netflix,True
15,15,UCWOA1ZGywLbqmigxE4Qlvuw,FBnkVJslRGo,Slumberland | Official Trailer | Netflix,2022-10-06T13:30:00Z,2022-10-06T13:30:00Z,slumberland | official trailer | netflix,True
16,16,UCWOA1ZGywLbqmigxE4Qlvuw,Q73UhUTs6y0,Wednesday Addams | Official Trailer | Netflix,2022-10-09T00:05:01Z,2022-10-09T00:05:01Z,wednesday addams | official trailer | netflix,True
17,17,UCWOA1ZGywLbqmigxE4Qlvuw,Ej0vb8xhvbw,The Crown | Season 5 Official Trailer | Netflix,2022-10-20T14:00:00Z,2022-10-20T14:00:00Z,the crown | season 5 official trailer | netflix,True
18,18,UCWOA1ZGywLbqmigxE4Qlvuw,83ClbRPRDXU,The Sandman | Official Trailer | Netflix,2022-07-23T22:30:00Z,2022-07-23T22:30:00Z,the sandman | official trailer | netflix,True
19,19,UCWOA1ZGywLbqmigxE4Qlvuw,KKXNmYoPkx0,Enola Holmes 2 | Official Trailer: Part 1 | Netflix,2022-09-24T17:07:00Z,2022-09-24T17:07:00Z,enola holmes 2 | official trailer: part 1 | netflix,True
20,20,UCWOA1ZGywLbqmigxE4Qlvuw,KKXNmYoPkx0,Enola Holmes 2 | Official Trailer: Part 1 | Netflix,2022-09-24T17:07:00Z,2022-09-24T17:07:00Z,enola holmes 2 | official trailer: part 1 | netflix,True
21,21,UCWOA1ZGywLbqmigxE4Qlvuw,vBHKSQ4MrJE,From Scratch | Official Trailer | Netflix,2022-09-15T18:00:03Z,2022-09-15T18:00:03Z,from scratch | official trailer | netflix,True
22,22,UCWOA1ZGywLbqmigxE4Qlvuw,CNFm_DzHDaE,A Trip to Infinity | Official Trailer | Netflix,2022-09-14T17:30:00Z,2022-09-14T17:30:00Z,a trip to infinity | official trailer | netflix,True
23,23,UCWOA1ZGywLbqmigxE4Qlvuw,1Qcm1UMjjoU,Partner Track | Official Trailer | Netflix,2022-07-29T14:10:03Z,2022-07-29T14:10:03Z,partner track | official trailer | netflix,True
24,24,UCWOA1ZGywLbqmigxE4Qlvuw,3zFxnyKhg9k,JoJo&#39;s Bizarre Adventure STONE OCEAN | Official Trailer #4 | Netflix,2022-11-18T16:00:01Z,2022-11-18T16:00:01Z,jojo&#39;s bizarre adventure stone ocean | official trailer #4 | netflix,True
25,25,UCWOA1ZGywLbqmigxE4Qlvuw,3zFxnyKhg9k,JoJo&#39;s Bizarre Adventure STONE OCEAN | Official Trailer #4 | Netflix,2022-11-18T16:00:01Z,2022-11-18T16:00:01Z,jojo&#39;s bizarre adventure stone ocean | official trailer #4 | netflix,True
26,26,UCWOA1ZGywLbqmigxE4Qlvuw,JtqIas3bYhg,Cyberpunk: Edgerunners | Official NSFW Trailer | Netflix,2022-08-30T18:00:00Z,2022-08-30T18:00:00Z,cyberpunk: edgerunners | official nsfw trailer | netflix,True
27,27,UCWOA1ZGywLbqmigxE4Qlvuw,-xR_lBtEvSc,Glass Onion: A Knives Out Mystery | Official Teaser Trailer | Netflix,2022-09-08T13:00:03Z,2022-09-08T13:00:03Z,glass onion: a knives out mystery | official teaser trailer | netflix,True
28,28,UCWOA1ZGywLbqmigxE4Qlvuw,BmllggGO4pM,THE GRAY MAN | Official Trailer | Netflix,2022-05-24T13:30:18Z,2022-05-24T13:30:18Z,the gray man | official trailer | netflix,True
29,29,UCWOA1ZGywLbqmigxE4Qlvuw,NVHHs-xllqo,DAHMER - Monster: The Jeffrey Dahmer Story | Official Trailer (Trailer 1) | Netflix,2022-09-16T14:00:00Z,2022-09-16T14:00:00Z,dahmer - monster: the jeffrey dahmer story | official trailer (trailer 1) | netflix,True
30,30,UCWOA1ZGywLbqmigxE4Qlvuw,aIsFywuZPoQ,BLONDE | From Writer and Director Andrew Dominik | Official Trailer | Netflix,2022-07-28T13:00:03Z,2022-07-28T13:00:03Z,blonde | from writer and director andrew dominik | official trailer | netflix,True
31,31,UCWOA1ZGywLbqmigxE4Qlvuw,aftysDQ4hpI,The School for Good and Evil | Official Trailer | Netflix,2022-09-13T13:00:03Z,2022-09-13T13:00:03Z,the school for good and evil | official trailer | netflix,True
32,32,UCWOA1ZGywLbqmigxE4Qlvuw,Tbl5Lbi4xEs,GUILLERMO DEL TORO&#39;S PINOCCHIO | Official Teaser Trailer | Netflix,2022-07-27T13:00:01Z,2022-07-27T13:00:01Z,guillermo del toro&#39;s pinocchio | official teaser trailer | netflix,True
33,33,UCWOA1ZGywLbqmigxE4Qlvuw,rK-JQU_bShc,Do Revenge | Official Trailer | Netflix,2022-08-09T15:00:00Z,2022-08-09T15:00:00Z,do revenge | official trailer | netflix,True
34,34,UCWOA1ZGywLbqmigxE4Qlvuw,-QCFifHyXNM,Money Heist: Korea - Joint Economic Area Part 2 | Official Trailer | Netflix,2022-11-23T00:00:00Z,2022-11-23T00:00:00Z,money heist: korea - joint economic area part 2 | official trailer | netflix,True
35,35,UCWOA1ZGywLbqmigxE4Qlvuw,xDc_iartATY,The Bastard Son &amp; The Devil Himself | Official Trailer | Netflix,2022-10-13T11:00:00Z,2022-10-13T11:00:00Z,the bastard son &amp; the devil himself | official trailer | netflix,True
36,36,UCWOA1ZGywLbqmigxE4Qlvuw,Wpii7t26aZU,I Am Vanessa Guillen | Official Trailer | Netflix,2022-11-04T17:30:00Z,2022-11-04T17:30:00Z,i am vanessa guillen | official trailer | netflix,True
37,37,UCWOA1ZGywLbqmigxE4Qlvuw,-QCFifHyXNM,Money Heist: Korea - Joint Economic Area Part 2 | Official Trailer | Netflix,2022-11-23T00:00:00Z,2022-11-23T00:00:00Z,money heist: korea - joint economic area part 2 | official trailer | netflix,True
38,38,UCWOA1ZGywLbqmigxE4Qlvuw,bKaj4gXor2M,Robbing Mussolini | Official Trailer | Netflix,2022-09-22T10:30:00Z,2022-09-22T10:30:00Z,robbing mussolini | official trailer | netflix,True
39,39,UCWOA1ZGywLbqmigxE4Qlvuw,E3E1URhCR60,GUILLERMO DEL TORO‚ÄôS CABINET OF CURIOSITIES | Official Trailer | Netflix,2022-09-30T14:00:00Z,2022-09-30T14:00:00Z,guillermo del toro‚Äôs cabinet of curiosities | official trailer | netflix,True
40,40,UCWOA1ZGywLbqmigxE4Qlvuw,E3E1URhCR60,GUILLERMO DEL TORO‚ÄôS CABINET OF CURIOSITIES | Official Trailer | Netflix,2022-09-30T14:00:00Z,2022-09-30T14:00:00Z,guillermo del toro‚Äôs cabinet of curiosities | official trailer | netflix,True
41,41,UCWOA1ZGywLbqmigxE4Qlvuw,sTJfJoaZrCw,The Imperfects | Official Trailer | Netflix,2022-09-01T16:00:00Z,2022-09-01T16:00:00Z,the imperfects | official trailer | netflix,True
42,42,UCWOA1ZGywLbqmigxE4Qlvuw,IZdjKKrMmaw,The Mole | Official Trailer | Netflix,2022-09-20T16:00:00Z,2022-09-20T16:00:00Z,the mole | official trailer | netflix,True
43,43,UCWOA1ZGywLbqmigxE4Qlvuw,acdP-NzBhjs,Warrior Nun: Season 2 | Official Trailer | Netflix,2022-10-13T16:30:00Z,2022-10-13T16:30:00Z,warrior nun: season 2 | official trailer | netflix,True
44,44,UCWOA1ZGywLbqmigxE4Qlvuw,L23I_XopoA0,Silverton Siege | Official Trailer | Netflix,2022-03-24T08:00:00Z,2022-03-24T08:00:00Z,silverton siege | official trailer | netflix,True
45,45,UCWOA1ZGywLbqmigxE4Qlvuw,lzS8BQBcAu4,"Pepsi, Where&#39;s My Jet? | Official Trailer | Netflix",2022-10-24T16:00:00Z,2022-10-24T16:00:00Z,"pepsi, where&#39;s my jet? | official trailer | netflix",True
46,46,UCWOA1ZGywLbqmigxE4Qlvuw,51F0wfZBV0c,Echoes | Official Trailer | Netflix,2022-07-26T17:30:00Z,2022-07-26T17:30:00Z,echoes | official trailer | netflix,True
47,47,UCWOA1ZGywLbqmigxE4Qlvuw,YlNEvyjEWLQ,Fate: The Winx Saga | Season 2 Official Trailer | Netflix,2022-08-23T15:00:00Z,2022-08-23T15:00:00Z,fate: the winx saga | season 2 official trailer | netflix,True
48,48,UCWOA1ZGywLbqmigxE4Qlvuw,Pj0wz7zu3Ms,RED NOTICE | Official Trailer | Netflix,2021-10-21T13:10:02Z,2021-10-21T13:10:02Z,red notice | official trailer | netflix,True
49,49,UCWOA1ZGywLbqmigxE4Qlvuw,Ith2WetKXlg,Army of Thieves | Official Trailer | Netflix,2021-09-25T18:41:01Z,2021-09-25T18:41:01Z,army of thieves | official trailer | netflix,True
50,50,UCWOA1ZGywLbqmigxE4Qlvuw,-aZBIpZY_Fw,Inside Job | Official Trailer | Netflix,2021-09-25T18:56:00Z,2021-09-25T18:56:00Z,inside job | official trailer | netflix,True
51,51,UCWOA1ZGywLbqmigxE4Qlvuw,LRDPo0CHrko,The Power of the Dog | Official Trailer | Netflix,2021-11-04T15:00:00Z,2021-11-04T15:00:00Z,the power of the dog | official trailer | netflix,True
52,52,UCWOA1ZGywLbqmigxE4Qlvuw,jnJ4BGNpby8,Girl in the Picture | Official Trailer | Netflix,2022-06-15T16:30:00Z,2022-06-15T16:30:00Z,girl in the picture | official trailer | netflix,True
53,53,UCWOA1ZGywLbqmigxE4Qlvuw,hs6alRuY1UU,The Umbrella Academy Season 3 | Official Trailer | Netflix,2022-05-19T14:00:09Z,2022-05-19T14:00:09Z,the umbrella academy season 3 | official trailer | netflix,True
54,54,UCWOA1ZGywLbqmigxE4Qlvuw,bEyyKwVORvo,Against the Ice | Official Trailer | Netflix,2022-01-13T17:30:00Z,2022-01-13T17:30:00Z,against the ice | official trailer | netflix,True
56,56,UCWOA1ZGywLbqmigxE4Qlvuw,hs6alRuY1UU,The Umbrella Academy Season 3 | Official Trailer | Netflix,2022-05-19T14:00:09Z,2022-05-19T14:00:09Z,the umbrella academy season 3 | official trailer | netflix,True
57,57,UCWOA1ZGywLbqmigxE4Qlvuw,LRDPo0CHrko,The Power of the Dog | Official Trailer | Netflix,2021-11-04T15:00:00Z,2021-11-04T15:00:00Z,the power of the dog | official trailer | netflix,True
58,58,UCWOA1ZGywLbqmigxE4Qlvuw,UKCmefQdplI,A Film by Jonah Hill &quot;Stutz&quot; | Official Trailer | Netflix,2022-10-24T17:00:00Z,2022-10-24T17:00:00Z,a film by jonah hill &quot;stutz&quot; | official trailer | netflix,True
59,59,UCWOA1ZGywLbqmigxE4Qlvuw,jnJ4BGNpby8,Girl in the Picture | Official Trailer | Netflix,2022-06-15T16:30:00Z,2022-06-15T16:30:00Z,girl in the picture | official trailer | netflix,True
60,60,UCWOA1ZGywLbqmigxE4Qlvuw,pfhCEXLnQh8,Keep Breathing | Official Trailer | Netflix,2022-06-30T16:00:00Z,2022-06-30T16:00:00Z,keep breathing | official trailer | netflix,True
61,61,UCWOA1ZGywLbqmigxE4Qlvuw,B_XUlbPW-eY,Luckiest Girl Alive | Official Trailer | Netflix,2022-09-06T13:00:00Z,2022-09-06T13:00:00Z,luckiest girl alive | official trailer | netflix,True
62,62,UCWOA1ZGywLbqmigxE4Qlvuw,WJPSSL2lSjU,Brazen | Official Trailer | Netflix,2021-12-15T14:00:00Z,2021-12-15T14:00:00Z,brazen | official trailer | netflix,True
63,63,UCWOA1ZGywLbqmigxE4Qlvuw,QZLunQrxs9I,IN HER HANDS | Official Trailer | Netflix,2022-10-26T15:00:00Z,2022-10-26T15:00:00Z,in her hands | official trailer | netflix,True
64,64,UCWOA1ZGywLbqmigxE4Qlvuw,zcI6SFiK_yk,TEXAS CHAINSAW MASSACRE | Official Trailer | Netflix,2022-01-31T16:00:01Z,2022-01-31T16:00:01Z,texas chainsaw massacre | official trailer | netflix,True
65,65,UCWOA1ZGywLbqmigxE4Qlvuw,TZ5NFlE_wd0,I Hate Christmas | Official Trailer | Netflix,2022-11-11T11:00:00Z,2022-11-11T11:00:00Z,i hate christmas | official trailer | netflix,True
66,66,UCWOA1ZGywLbqmigxE4Qlvuw,Fz7HmgPJQak,Persuasion starring Dakota Johnson | Official Trailer | Netflix,2022-06-14T13:00:00Z,2022-06-14T13:00:00Z,persuasion starring dakota johnson | official trailer | netflix,True
67,67,UCWOA1ZGywLbqmigxE4Qlvuw,V0UlWZNp6cI,FIFA Uncovered | Official Trailer | Netflix,2022-10-25T16:30:00Z,2022-10-25T16:30:00Z,fifa uncovered | official trailer | netflix,True
68,68,UCWOA1ZGywLbqmigxE4Qlvuw,1Q5CXN7soQg,Seaspiracy | Official Trailer | Netflix,2021-03-03T19:00:00Z,2021-03-03T19:00:00Z,seaspiracy | official trailer | netflix,True
69,69,UCWOA1ZGywLbqmigxE4Qlvuw,PgSYux7UcXU,ONI: Thunder God&#39;s Tale | Official Trailer | Netflix,2022-10-06T13:00:00Z,2022-10-06T13:00:00Z,oni: thunder god&#39;s tale | official trailer | netflix,True
70,70,UCWOA1ZGywLbqmigxE4Qlvuw,SL9aJcqrtnw,DON‚ÄôT LOOK UP | Official Teaser Trailer | Netflix,2021-09-08T14:00:01Z,2021-09-08T14:00:01Z,don‚Äôt look up | official teaser trailer | netflix,True
71,71,UCWOA1ZGywLbqmigxE4Qlvuw,eHsWYmnXk1o,Hypnotic | Official Trailer | Netflix,2021-10-05T16:00:00Z,2021-10-05T16:00:00Z,hypnotic | official trailer | netflix,True
72,72,UCWOA1ZGywLbqmigxE4Qlvuw,KfySe96FPr8,The Empress | Official Trailer | Netflix,2022-09-22T08:00:01Z,2022-09-22T08:00:01Z,the empress | official trailer | netflix,True
73,73,UCWOA1ZGywLbqmigxE4Qlvuw,ca00ZHJWKuA,Vatican Girl: The Disappearance of Emanuela Orlandi | Official Trailer | Netflix,2022-10-12T10:00:00Z,2022-10-12T10:00:00Z,vatican girl: the disappearance of emanuela orlandi | official trailer | netflix,True
74,74,UCWOA1ZGywLbqmigxE4Qlvuw,OQSoII4Bj1o,INTERCEPTOR | Official Trailer | Netflix,2022-05-04T16:00:50Z,2022-05-04T16:00:50Z,interceptor | official trailer | netflix,True
75,75,UCWOA1ZGywLbqmigxE4Qlvuw,OQSoII4Bj1o,INTERCEPTOR | Official Trailer | Netflix,2022-05-04T16:00:50Z,2022-05-04T16:00:50Z,interceptor | official trailer | netflix,True
76,76,UCWOA1ZGywLbqmigxE4Qlvuw,Tm5uUzbUwR4,Trainwreck: Woodstock &#39;99 | Official Trailer | Netflix,2022-07-20T15:00:00Z,2022-07-20T15:00:00Z,trainwreck: woodstock &#39;99 | official trailer | netflix,True
77,77,UCWOA1ZGywLbqmigxE4Qlvuw,BYti8tb3rmI,Christmas With You | Official Trailer | Netflix,2022-10-19T14:00:01Z,2022-10-19T14:00:01Z,christmas with you | official trailer | netflix,True
78,78,UCWOA1ZGywLbqmigxE4Qlvuw,CLgdOu5VeFk,Love Is Blind Season 3 | Official Trailer | Netflix,2022-10-06T14:00:00Z,2022-10-06T14:00:00Z,love is blind season 3 | official trailer | netflix,True
79,79,UCWOA1ZGywLbqmigxE4Qlvuw,xppbyXSxPlo,Home Team | Official Trailer | Netflix,2021-12-14T18:00:00Z,2021-12-14T18:00:00Z,home team | official trailer | netflix,True
80,80,UCWOA1ZGywLbqmigxE4Qlvuw,MX6wAGuIMCg,"HELLO, GOODBYE, AND EVERYTHING IN BETWEEN | Official Trailer | Netflix",2022-06-15T16:00:02Z,2022-06-15T16:00:02Z,"hello, goodbye, and everything in between | official trailer | netflix",True
81,81,UCWOA1ZGywLbqmigxE4Qlvuw,9U3BO8BoVhc,Lost Ollie | Official Series Trailer | Netflix,2022-08-02T16:00:00Z,2022-08-02T16:00:00Z,lost ollie | official series trailer | netflix,True
82,82,UCWOA1ZGywLbqmigxE4Qlvuw,UWfgm20-LTM,Hellbound | Final Trailer | Netflix,2021-11-08T00:00:00Z,2021-11-08T00:00:00Z,hellbound | final trailer | netflix,True
83,83,UCWOA1ZGywLbqmigxE4Qlvuw,RbIxYm3mKzI,"DON&#39;T LOOK UP | Leonardo DiCaprio, Jennifer Lawrence | Official Trailer | Netflix",2021-11-16T16:00:00Z,2021-11-16T16:00:00Z,"don&#39;t look up | leonardo dicaprio, jennifer lawrence | official trailer | netflix",True
84,84,UCWOA1ZGywLbqmigxE4Qlvuw,i_1VW_0i6vo,The Hand of God | Official Trailer | Netflix,2021-11-11T15:00:00Z,2021-11-11T15:00:00Z,the hand of god | official trailer | netflix,True
85,85,UCWOA1ZGywLbqmigxE4Qlvuw,UWfgm20-LTM,Hellbound | Final Trailer | Netflix,2021-11-08T00:00:00Z,2021-11-08T00:00:00Z,hellbound | final trailer | netflix,True
86,86,UCWOA1ZGywLbqmigxE4Qlvuw,asH6ny4ILzM,The Noel Diary | Official Trailer | Netflix,2022-11-03T14:30:00Z,2022-11-03T14:30:00Z,the noel diary | official trailer | netflix,True
87,87,UCWOA1ZGywLbqmigxE4Qlvuw,i_1VW_0i6vo,The Hand of God | Official Trailer | Netflix,2021-11-11T15:00:00Z,2021-11-11T15:00:00Z,the hand of god | official trailer | netflix,True
88,88,UCWOA1ZGywLbqmigxE4Qlvuw,OiXEpminPms,The Crown Season 4 | Official Trailer | Netflix,2020-10-29T14:00:03Z,2020-10-29T14:00:03Z,the crown season 4 | official trailer | netflix,True
89,89,UCWOA1ZGywLbqmigxE4Qlvuw,phQxK5u8IEs,Our Father | Official Trailer | Netflix,2022-04-14T16:00:02Z,2022-04-14T16:00:02Z,our father | official trailer | netflix,True
90,90,UCWOA1ZGywLbqmigxE4Qlvuw,jnJ4BGNpby8,Girl in the Picture | Official Trailer | Netflix,2022-06-15T16:30:00Z,2022-06-15T16:30:00Z,girl in the picture | official trailer | netflix,True
91,91,UCWOA1ZGywLbqmigxE4Qlvuw,Sel3fjl6uyo,THE CUPHEAD SHOW! | Official Trailer | Netflix,2022-01-18T15:15:00Z,2022-01-18T15:15:00Z,the cuphead show! | official trailer | netflix,True
92,92,UCWOA1ZGywLbqmigxE4Qlvuw,RbIxYm3mKzI,"DON&#39;T LOOK UP | Leonardo DiCaprio, Jennifer Lawrence | Official Trailer | Netflix",2021-11-16T16:00:00Z,2021-11-16T16:00:00Z,"don&#39;t look up | leonardo dicaprio, jennifer lawrence | official trailer | netflix",True
93,93,UCWOA1ZGywLbqmigxE4Qlvuw,ULCIHP5dc44,Cowboy Bebop | Official Trailer | Netflix,2021-10-26T23:20:00Z,2021-10-26T23:20:00Z,cowboy bebop | official trailer | netflix,True
94,94,UCWOA1ZGywLbqmigxE4Qlvuw,R5546NL6gkE,BLASTED | Official Trailer | Netflix,2022-06-07T16:15:00Z,2022-06-07T16:15:00Z,blasted | official trailer | netflix,True
95,95,UCWOA1ZGywLbqmigxE4Qlvuw,Uafg97czxeQ,Money Heist: Korea - Joint Economic Area | Official Trailer | Netflix,2022-06-03T00:00:03Z,2022-06-03T00:00:03Z,money heist: korea - joint economic area | official trailer | netflix,True
96,96,UCWOA1ZGywLbqmigxE4Qlvuw,WR21TH-6LfY,A Perfect Pairing starring Victoria Justice &amp; Adam Demos | Official Trailer | Netflix,2022-04-21T17:05:23Z,2022-04-21T17:05:23Z,a perfect pairing starring victoria justice &amp; adam demos | official trailer | netflix,True
97,97,UCWOA1ZGywLbqmigxE4Qlvuw,gpv7ayf_tyE,Bridgerton | Official Trailer | Netflix,2020-12-14T15:00:00Z,2020-12-14T15:00:00Z,bridgerton | official trailer | netflix,True
98,98,UCWOA1ZGywLbqmigxE4Qlvuw,dpL5zS-PngE,Neymar: The Perfect Chaos | Official Trailer | Netflix,2022-01-11T13:00:00Z,2022-01-11T13:00:00Z,neymar: the perfect chaos | official trailer | netflix,True
99,99,UCWOA1ZGywLbqmigxE4Qlvuw,tAJVDe205tY,Intrusion | Official Trailer | Netflix,2021-08-26T16:00:00Z,2021-08-26T16:00:00Z,intrusion | official trailer | netflix,True
100,100,UCWOA1ZGywLbqmigxE4Qlvuw,QTIkUzkbzQk,Unbelievable | Official Trailer | Netflix,2019-07-18T15:00:05Z,2019-07-18T15:00:05Z,unbelievable | official trailer | netflix,True
101,101,UCWOA1ZGywLbqmigxE4Qlvuw,202KkD12AuI,END OF THE ROAD | Official Trailer | Netflix,2022-08-15T16:00:00Z,2022-08-15T16:00:00Z,end of the road | official trailer | netflix,True
102,102,UCWOA1ZGywLbqmigxE4Qlvuw,R5546NL6gkE,BLASTED | Official Trailer | Netflix,2022-06-07T16:15:00Z,2022-06-07T16:15:00Z,blasted | official trailer | netflix,True
103,103,UCWOA1ZGywLbqmigxE4Qlvuw,4CjJsX90yAU,Wild Is the Wind | Official Trailer | Netflix,2022-10-14T07:00:00Z,2022-10-14T07:00:00Z,wild is the wind | official trailer | netflix,True
104,104,UCWOA1ZGywLbqmigxE4Qlvuw,fmjKsL_-rfw,BLACK CRAB | Official Trailer | Netflix,2022-02-22T15:00:00Z,2022-02-22T15:00:00Z,black crab | official trailer | netflix,True
105,105,UCWOA1ZGywLbqmigxE4Qlvuw,5Ux_ipIsNyo,Running with the Devil: The Wild World of John McAfee | Official Trailer | Netflix,2022-07-27T12:00:00Z,2022-07-27T12:00:00Z,running with the devil: the wild world of john mcafee | official trailer | netflix,True
106,106,UCWOA1ZGywLbqmigxE4Qlvuw,2kdqmzbqlVs,I am Georgina | Official Trailer | Netflix,2022-01-14T10:00:00Z,2022-01-14T10:00:00Z,i am georgina | official trailer | netflix,True
108,108,UCWOA1ZGywLbqmigxE4Qlvuw,kCQxxqdowOg,Single All The Way | Official Trailer | Netflix,2021-11-10T17:00:00Z,2021-11-10T17:00:00Z,single all the way | official trailer | netflix,True
109,109,UCWOA1ZGywLbqmigxE4Qlvuw,Sel3fjl6uyo,THE CUPHEAD SHOW! | Official Trailer | Netflix,2022-01-18T15:15:00Z,2022-01-18T15:15:00Z,the cuphead show! | official trailer | netflix,True
110,110,UCWOA1ZGywLbqmigxE4Qlvuw,49_44FFKZ1M,Alice in Borderland | Official Trailer | Netflix,2020-10-28T23:00:00Z,2020-10-28T23:00:00Z,alice in borderland | official trailer | netflix,True
111,111,UCWOA1ZGywLbqmigxE4Qlvuw,gpv7ayf_tyE,Bridgerton | Official Trailer | Netflix,2020-12-14T15:00:00Z,2020-12-14T15:00:00Z,bridgerton | official trailer | netflix,True
112,112,UCWOA1ZGywLbqmigxE4Qlvuw,UbhNxmwh_qc,Keep Sweet: Pray and Obey | Official Trailer | Netflix,2022-05-26T15:00:06Z,2022-05-26T15:00:06Z,keep sweet: pray and obey | official trailer | netflix,True
113,113,UCWOA1ZGywLbqmigxE4Qlvuw,R5546NL6gkE,BLASTED | Official Trailer | Netflix,2022-06-07T16:15:00Z,2022-06-07T16:15:00Z,blasted | official trailer | netflix,True
114,114,UCWOA1ZGywLbqmigxE4Qlvuw,ULCIHP5dc44,Cowboy Bebop | Official Trailer | Netflix,2021-10-26T23:20:00Z,2021-10-26T23:20:00Z,cowboy bebop | official trailer | netflix,True
115,115,UCWOA1ZGywLbqmigxE4Qlvuw,fXmAurh012s,Arcane | Official Trailer | Netflix,2021-09-25T17:50:01Z,2021-09-25T17:50:01Z,arcane | official trailer | netflix,True
116,116,UCWOA1ZGywLbqmigxE4Qlvuw,202KkD12AuI,END OF THE ROAD | Official Trailer | Netflix,2022-08-15T16:00:00Z,2022-08-15T16:00:00Z,end of the road | official trailer | netflix,True
118,118,UCWOA1ZGywLbqmigxE4Qlvuw,-voLo_TIWf4,Halftime | Jennifer Lopez | Official Trailer | Netflix,2022-05-19T16:00:05Z,2022-05-19T16:00:05Z,halftime | jennifer lopez | official trailer | netflix,True
119,119,UCWOA1ZGywLbqmigxE4Qlvuw,sspsUdLrc-g,Santo | Official Trailer | Netflix,2022-08-31T13:00:00Z,2022-08-31T13:00:00Z,santo | official trailer | netflix,True
120,120,UCWOA1ZGywLbqmigxE4Qlvuw,202KkD12AuI,END OF THE ROAD | Official Trailer | Netflix,2022-08-15T16:00:00Z,2022-08-15T16:00:00Z,end of the road | official trailer | netflix,True
121,121,UCWOA1ZGywLbqmigxE4Qlvuw,2GVxxIsT4Y4,Sins of Our Mother | Official Trailer | Netflix,2022-08-22T15:30:00Z,2022-08-22T15:30:00Z,sins of our mother | official trailer | netflix,True
122,122,UCWOA1ZGywLbqmigxE4Qlvuw,Sel3fjl6uyo,THE CUPHEAD SHOW! | Official Trailer | Netflix,2022-01-18T15:15:00Z,2022-01-18T15:15:00Z,the cuphead show! | official trailer | netflix,True
123,123,UCWOA1ZGywLbqmigxE4Qlvuw,uaaC57tcci0,The Social Dilemma | Official Trailer | Netflix,2020-08-27T18:00:00Z,2020-08-27T18:00:00Z,the social dilemma | official trailer | netflix,True
124,124,UCWOA1ZGywLbqmigxE4Qlvuw,gpv7ayf_tyE,Bridgerton | Official Trailer | Netflix,2020-12-14T15:00:00Z,2020-12-14T15:00:00Z,bridgerton | official trailer | netflix,True
125,125,UCWOA1ZGywLbqmigxE4Qlvuw,PSmns9QWPiE,Untold: The Race of the Century | Official Trailer | Netflix,2022-08-15T20:00:00Z,2022-08-15T20:00:00Z,untold: the race of the century | official trailer | netflix,True
126,126,UCWOA1ZGywLbqmigxE4Qlvuw,wyXnoeJoKLw,Chef&#39;s Table: Pizza | Official Trailer | Netflix,2022-08-25T20:48:40Z,2022-08-25T20:48:40Z,chef&#39;s table: pizza | official trailer | netflix,True
127,127,UCWOA1ZGywLbqmigxE4Qlvuw,7nxuEsx99-k,28 Days Haunted | Official Trailer | Netflix,2022-09-22T11:00:00Z,2022-09-22T11:00:00Z,28 days haunted | official trailer | netflix,True
128,128,UCWOA1ZGywLbqmigxE4Qlvuw,fXmAurh012s,Arcane | Official Trailer | Netflix,2021-09-25T17:50:01Z,2021-09-25T17:50:01Z,arcane | official trailer | netflix,True
129,129,UCWOA1ZGywLbqmigxE4Qlvuw,X7MZuR8RM48,Dragon Age: Absolution | Official Trailer | Netflix,2022-11-10T17:30:00Z,2022-11-10T17:30:00Z,dragon age: absolution | official trailer | netflix,True
130,130,UCWOA1ZGywLbqmigxE4Qlvuw,820j10lEAec,The Weekend Away starring Leighton Meester | Official Trailer | Netflix,2022-02-09T17:00:01Z,2022-02-09T17:00:01Z,the weekend away starring leighton meester | official trailer | netflix,True
131,131,UCWOA1ZGywLbqmigxE4Qlvuw,NVHHs-xllqo,DAHMER - Monster: The Jeffrey Dahmer Story | Official Trailer (Trailer 1) | Netflix,2022-09-16T14:00:00Z,2022-09-16T14:00:00Z,dahmer - monster: the jeffrey dahmer story | official trailer (trailer 1) | netflix,True
132,132,UCWOA1ZGywLbqmigxE4Qlvuw,bwHGegiFykU,I Came By | Official Trailer | Netflix,2022-08-01T14:00:00Z,2022-08-01T14:00:00Z,i came by | official trailer | netflix,True
133,133,UCWOA1ZGywLbqmigxE4Qlvuw,2GVxxIsT4Y4,Sins of Our Mother | Official Trailer | Netflix,2022-08-22T15:30:00Z,2022-08-22T15:30:00Z,sins of our mother | official trailer | netflix,True
134,134,UCWOA1ZGywLbqmigxE4Qlvuw,uaaC57tcci0,The Social Dilemma | Official Trailer | Netflix,2020-08-27T18:00:00Z,2020-08-27T18:00:00Z,the social dilemma | official trailer | netflix,True
135,135,UCWOA1ZGywLbqmigxE4Qlvuw,-Pwxr307O4w,Rescued By Ruby starring Grant Gustin | Official Trailer | Netflix,2022-02-22T17:00:00Z,2022-02-22T17:00:00Z,rescued by ruby starring grant gustin | official trailer | netflix,True
136,136,UCWOA1ZGywLbqmigxE4Qlvuw,ULCIHP5dc44,Cowboy Bebop | Official Trailer | Netflix,2021-10-26T23:20:00Z,2021-10-26T23:20:00Z,cowboy bebop | official trailer | netflix,True
138,138,UCWOA1ZGywLbqmigxE4Qlvuw,8nGcf4tBdF8,DI4RIES | Official Trailer | Netflix,2022-06-27T10:00:00Z,2022-06-27T10:00:00Z,di4ries | official trailer | netflix,True
139,139,UCWOA1ZGywLbqmigxE4Qlvuw,F1r6IDby3IE,FARZAR | Official Trailer | Netflix,2022-06-08T23:25:00Z,2022-06-08T23:25:00Z,farzar | official trailer | netflix,True
140,140,UCWOA1ZGywLbqmigxE4Qlvuw,F1r6IDby3IE,FARZAR | Official Trailer | Netflix,2022-06-08T23:25:00Z,2022-06-08T23:25:00Z,farzar | official trailer | netflix,True
141,141,UCWOA1ZGywLbqmigxE4Qlvuw,NVHHs-xllqo,DAHMER - Monster: The Jeffrey Dahmer Story | Official Trailer (Trailer 1) | Netflix,2022-09-16T14:00:00Z,2022-09-16T14:00:00Z,dahmer - monster: the jeffrey dahmer story | official trailer (trailer 1) | netflix,True
143,143,UCWOA1ZGywLbqmigxE4Qlvuw,_R3LWM_Vt70,The Tinder Swindler | Official Trailer | Netflix,2022-01-11T14:00:01Z,2022-01-11T14:00:01Z,the tinder swindler | official trailer | netflix,True
144,144,UCWOA1ZGywLbqmigxE4Qlvuw,taE3PwurhYM,Klaus | Official Trailer | Netflix,2019-10-07T13:00:03Z,2019-10-07T13:00:03Z,klaus | official trailer | netflix,True
145,145,UCWOA1ZGywLbqmigxE4Qlvuw,hOiWSWLt-NA,What Happened to Monday | Official Trailer [HD] | Netflix,2017-07-31T15:30:11Z,2017-07-31T15:30:11Z,what happened to monday | official trailer [hd] | netflix,True
146,146,UCWOA1ZGywLbqmigxE4Qlvuw,rHmw87EpGIM,Young Royals | Official Trailer | Netflix,2021-06-17T13:00:00Z,2021-06-17T13:00:00Z,young royals | official trailer | netflix,True
147,147,UCWOA1ZGywLbqmigxE4Qlvuw,i2s-AUdFt3g,Elite Season 5 | Official Trailer | Netflix,2022-03-30T13:00:00Z,2022-03-30T13:00:00Z,elite season 5 | official trailer | netflix,True
148,148,UCWOA1ZGywLbqmigxE4Qlvuw,NaB_ERMAZu4,The Guilty | Official Trailer | Jake Gyllenhaal | Netflix,2021-09-07T14:00:00Z,2021-09-07T14:00:00Z,the guilty | official trailer | jake gyllenhaal | netflix,True
149,149,UCWOA1ZGywLbqmigxE4Qlvuw,JtqIas3bYhg,Cyberpunk: Edgerunners | Official NSFW Trailer | Netflix,2022-08-30T18:00:00Z,2022-08-30T18:00:00Z,cyberpunk: edgerunners | official nsfw trailer | netflix,True
150,150,UCWOA1ZGywLbqmigxE4Qlvuw,_R3LWM_Vt70,The Tinder Swindler | Official Trailer | Netflix,2022-01-11T14:00:01Z,2022-01-11T14:00:01Z,the tinder swindler | official trailer | netflix,True
151,151,UCWOA1ZGywLbqmigxE4Qlvuw,sY2TLiK27g4,No One Gets Out Alive | Official Trailer | Netflix,2021-09-07T16:00:00Z,2021-09-07T16:00:00Z,no one gets out alive | official trailer | netflix,True
152,152,UCWOA1ZGywLbqmigxE4Qlvuw,yFmy5lXoEfU,Ozark: Season 4 | Part 2 Official Trailer | Netflix,2022-03-29T16:00:00Z,2022-03-29T16:00:00Z,ozark: season 4 | part 2 official trailer | netflix,True
153,153,UCWOA1ZGywLbqmigxE4Qlvuw,DqSdAgyF41k,Racionais MC&#39;s: From the Streets of S√£o Paulo | Official Trailer | Netflix,2022-10-24T13:30:00Z,2022-10-24T13:30:00Z,racionais mc&#39;s: from the streets of s√£o paulo | official trailer | netflix,True
154,154,UCWOA1ZGywLbqmigxE4Qlvuw,ZTI6T5M8Fj0,Netflix 2022 Movie Preview | Official Trailer,2022-02-03T15:00:33Z,2022-02-03T15:00:33Z,netflix 2022 movie preview | official trailer,True
155,155,UCWOA1ZGywLbqmigxE4Qlvuw,M0O7lLe4SmA,Cuties | Official Trailer | Netflix,2020-08-18T14:00:00Z,2020-08-18T14:00:00Z,cuties | official trailer | netflix,True
156,156,UCWOA1ZGywLbqmigxE4Qlvuw,UbhNxmwh_qc,Keep Sweet: Pray and Obey | Official Trailer | Netflix,2022-05-26T15:00:06Z,2022-05-26T15:00:06Z,keep sweet: pray and obey | official trailer | netflix,True
157,157,UCWOA1ZGywLbqmigxE4Qlvuw,umIeYcQLABg,The Stranger | Official Trailer | Netflix,2022-09-13T23:30:00Z,2022-09-13T23:30:00Z,the stranger | official trailer | netflix,True
158,158,UCWOA1ZGywLbqmigxE4Qlvuw,bsNIJd45jYM,Falling For Christmas | Lindsay Lohan | Official Trailer | Netflix,2022-10-07T13:00:01Z,2022-10-07T13:00:01Z,falling for christmas | lindsay lohan | official trailer | netflix,True
159,159,UCWOA1ZGywLbqmigxE4Qlvuw,A0gsjrcAi9w,Procession | Official Trailer | Netflix,2021-10-26T15:00:00Z,2021-10-26T15:00:00Z,procession | official trailer | netflix,True
160,160,UCWOA1ZGywLbqmigxE4Qlvuw,G9AEE8NaEDw,State of Alabama vs. Brittany Smith | Official Trailer | Netflix,2022-10-13T18:00:00Z,2022-10-13T18:00:00Z,state of alabama vs. brittany smith | official trailer | netflix,True
161,161,UCWOA1ZGywLbqmigxE4Qlvuw,NiFuJV2GLkY,Sweet Girl | Official Trailer | Netflix,2021-07-09T13:00:00Z,2021-07-09T13:00:00Z,sweet girl | official trailer | netflix,True
162,162,UCWOA1ZGywLbqmigxE4Qlvuw,A0gsjrcAi9w,Procession | Official Trailer | Netflix,2021-10-26T15:00:00Z,2021-10-26T15:00:00Z,procession | official trailer | netflix,True
163,163,UCWOA1ZGywLbqmigxE4Qlvuw,-j0rjlfmDx4,Jeffrey Epstein: Filthy Rich | Official Trailer | Netflix,2020-05-13T16:00:00Z,2020-05-13T16:00:00Z,jeffrey epstein: filthy rich | official trailer | netflix,True
164,164,UCWOA1ZGywLbqmigxE4Qlvuw,TgB7rMuxY-s,The Serpent | Official Trailer | Netflix,2021-03-04T14:45:00Z,2021-03-04T14:45:00Z,the serpent | official trailer | netflix,True
165,165,UCWOA1ZGywLbqmigxE4Qlvuw,Af_Hj0MDBBQ,The Silent Sea | Official Trailer | Netflix,2021-12-10T00:00:02Z,2021-12-10T00:00:02Z,the silent sea | official trailer | netflix,True
166,166,UCWOA1ZGywLbqmigxE4Qlvuw,sY2TLiK27g4,No One Gets Out Alive | Official Trailer | Netflix,2021-09-07T16:00:00Z,2021-09-07T16:00:00Z,no one gets out alive | official trailer | netflix,True
167,167,UCWOA1ZGywLbqmigxE4Qlvuw,LR2Iq2VaZpM,Gl√≥ria | Official Trailer | Netflix,2021-10-19T10:00:00Z,2021-10-19T10:00:00Z,gl√≥ria | official trailer | netflix,True
169,169,UCWOA1ZGywLbqmigxE4Qlvuw,ZTI6T5M8Fj0,Netflix 2022 Movie Preview | Official Trailer,2022-02-03T15:00:33Z,2022-02-03T15:00:33Z,netflix 2022 movie preview | official trailer,True
170,170,UCWOA1ZGywLbqmigxE4Qlvuw,11DiQzSLfmo,Orgasm Inc: The Story of OneTaste | Official Trailer | Netflix,2022-10-28T15:00:00Z,2022-10-28T15:00:00Z,orgasm inc: the story of onetaste | official trailer | netflix,True
171,171,UCWOA1ZGywLbqmigxE4Qlvuw,vW2BPQ15OSw,Trust No One: The Hunt for the Crypto King | Official Trailer | Netflix,2022-03-09T15:00:00Z,2022-03-09T15:00:00Z,trust no one: the hunt for the crypto king | official trailer | netflix,True
172,172,UCWOA1ZGywLbqmigxE4Qlvuw,3VKESwIpzqk,Dubai Bling | Official Trailer | Netflix,2022-10-12T08:00:00Z,2022-10-12T08:00:00Z,dubai bling | official trailer | netflix,True
173,173,UCWOA1ZGywLbqmigxE4Qlvuw,rHmw87EpGIM,Young Royals | Official Trailer | Netflix,2021-06-17T13:00:00Z,2021-06-17T13:00:00Z,young royals | official trailer | netflix,True
174,174,UCWOA1ZGywLbqmigxE4Qlvuw,PSmns9QWPiE,Untold: The Race of the Century | Official Trailer | Netflix,2022-08-15T20:00:00Z,2022-08-15T20:00:00Z,untold: the race of the century | official trailer | netflix,True
175,175,UCWOA1ZGywLbqmigxE4Qlvuw,ueMwVGBwqRo,Lucifer | Final Season Trailer | Netflix,2021-08-10T16:00:01Z,2021-08-10T16:00:01Z,lucifer | final season trailer | netflix,True
176,176,UCWOA1ZGywLbqmigxE4Qlvuw,5YEVQDr2f3Q,Murder Mystery | Trailer | Netflix,2019-04-26T17:06:25Z,2019-04-26T17:06:25Z,murder mystery | trailer | netflix,True
177,177,UCWOA1ZGywLbqmigxE4Qlvuw,rK-JQU_bShc,Do Revenge | Official Trailer | Netflix,2022-08-09T15:00:00Z,2022-08-09T15:00:00Z,do revenge | official trailer | netflix,True
178,178,UCWOA1ZGywLbqmigxE4Qlvuw,gUHOSIe922E,Dangerous Liaisons | Official Trailer | Netflix,2022-05-10T16:00:08Z,2022-05-10T16:00:08Z,dangerous liaisons | official trailer | netflix,True
179,179,UCWOA1ZGywLbqmigxE4Qlvuw,rHmw87EpGIM,Young Royals | Official Trailer | Netflix,2021-06-17T13:00:00Z,2021-06-17T13:00:00Z,young royals | official trailer | netflix,True
180,180,UCWOA1ZGywLbqmigxE4Qlvuw,2aMVzFlApa0,The Witcher: Season 2 Teaser Trailer | Netflix,2021-07-09T20:53:22Z,2021-07-09T20:53:22Z,the witcher: season 2 teaser trailer | netflix,True
181,181,UCWOA1ZGywLbqmigxE4Qlvuw,vIDbiQB6N28,Conversations with a Killer: The John Wayne Gacy Tapes | Official Trailer | Netflix,2022-04-07T15:00:01Z,2022-04-07T15:00:01Z,conversations with a killer: the john wayne gacy tapes | official trailer | netflix,True
182,182,UCWOA1ZGywLbqmigxE4Qlvuw,TgB7rMuxY-s,The Serpent | Official Trailer | Netflix,2021-03-04T14:45:00Z,2021-03-04T14:45:00Z,the serpent | official trailer | netflix,True
183,183,UCWOA1ZGywLbqmigxE4Qlvuw,7q6Co-nd0lM,EUROVISION SONG CONTEST: The Story Of Fire Saga | Official Trailer | Netflix,2020-06-11T13:00:03Z,2020-06-11T13:00:03Z,eurovision song contest: the story of fire saga | official trailer | netflix,True
184,184,UCWOA1ZGywLbqmigxE4Qlvuw,svp53UuEJHY,"Devotion, a Story of Love and Desire | Official Trailer | Netflix",2022-01-17T11:00:01Z,2022-01-17T11:00:01Z,"devotion, a story of love and desire | official trailer | netflix",True
185,185,UCWOA1ZGywLbqmigxE4Qlvuw,dZZHvYYSCFw,Barbarians: Season 2 | Official Trailer | Netflix,2022-09-29T09:00:00Z,2022-09-29T09:00:00Z,barbarians: season 2 | official trailer | netflix,True
186,186,UCWOA1ZGywLbqmigxE4Qlvuw,MysGjRS9jFU,KATE | Official Trailer | Netflix,2021-08-04T14:00:00Z,2021-08-04T14:00:00Z,kate | official trailer | netflix,True
187,187,UCWOA1ZGywLbqmigxE4Qlvuw,UyUuzCGblqc,FEAR STREET | A Film Trilogy Event | Official Trailer | Netflix,2021-06-09T16:30:00Z,2021-06-09T16:30:00Z,fear street | a film trilogy event | official trailer | netflix,True
188,188,UCWOA1ZGywLbqmigxE4Qlvuw,hOiWSWLt-NA,What Happened to Monday | Official Trailer [HD] | Netflix,2017-07-31T15:30:11Z,2017-07-31T15:30:11Z,what happened to monday | official trailer [hd] | netflix,True
189,189,UCWOA1ZGywLbqmigxE4Qlvuw,j2rlnsGWGBU,Down to Earth with Zac Efron: Down Under | Official Trailer | Netflix,2022-10-19T16:00:00Z,2022-10-19T16:00:00Z,down to earth with zac efron: down under | official trailer | netflix,True
190,190,UCWOA1ZGywLbqmigxE4Qlvuw,hOiWSWLt-NA,What Happened to Monday | Official Trailer [HD] | Netflix,2017-07-31T15:30:11Z,2017-07-31T15:30:11Z,what happened to monday | official trailer [hd] | netflix,True
191,191,UCWOA1ZGywLbqmigxE4Qlvuw,j2rlnsGWGBU,Down to Earth with Zac Efron: Down Under | Official Trailer | Netflix,2022-10-19T16:00:00Z,2022-10-19T16:00:00Z,down to earth with zac efron: down under | official trailer | netflix,True
192,192,UCWOA1ZGywLbqmigxE4Qlvuw,fCGBZvcbzsI,Thai Cave Rescue: Limited Series | Official Trailer | Netflix,2022-08-30T03:00:02Z,2022-08-30T03:00:02Z,thai cave rescue: limited series | official trailer | netflix,True
193,193,UCWOA1ZGywLbqmigxE4Qlvuw,VZwPdeKQRt8,Elite: Season 6 | Official Trailer | Netflix,2022-11-02T14:00:00Z,2022-11-02T14:00:00Z,elite: season 6 | official trailer | netflix,True
194,194,UCWOA1ZGywLbqmigxE4Qlvuw,BOe8L69JpVI,Vivo | Official Trailer | Netflix,2021-07-29T13:00:00Z,2021-07-29T13:00:00Z,vivo | official trailer | netflix,True
195,195,UCWOA1ZGywLbqmigxE4Qlvuw,kC72F1v_-WY,Nick Kroll: Little Big Boy | Official Trailer | Netflix,2022-09-15T17:30:00Z,2022-09-15T17:30:00Z,nick kroll: little big boy | official trailer | netflix,True
196,196,UCWOA1ZGywLbqmigxE4Qlvuw,5YEVQDr2f3Q,Murder Mystery | Trailer | Netflix,2019-04-26T17:06:25Z,2019-04-26T17:06:25Z,murder mystery | trailer | netflix,True
197,197,UCWOA1ZGywLbqmigxE4Qlvuw,cq2iTHoLrt0,Dark Season 3 | Official Trailer | Netflix,2020-06-12T06:00:00Z,2020-06-12T06:00:00Z,dark season 3 | official trailer | netflix,True
199,199,UCWOA1ZGywLbqmigxE4Qlvuw,MYy7oGQiSqI,Kung Fu Panda: The Dragon Knight üêª‚Äç‚ùÑÔ∏èüêâ Official Trailer | Netflix,2022-06-30T15:00:00Z,2022-06-30T15:00:00Z,kung fu panda: the dragon knight üêª‚Äç‚ùÑÔ∏èüêâ official trailer | netflix,True
200,200,UCWOA1ZGywLbqmigxE4Qlvuw,VZwPdeKQRt8,Elite: Season 6 | Official Trailer | Netflix,2022-11-02T14:00:00Z,2022-11-02T14:00:00Z,elite: season 6 | official trailer | netflix,True
201,201,UCWOA1ZGywLbqmigxE4Qlvuw,tJp5pLsXhgo,WENDELL &amp; WILD | Official Trailer | Netflix,2022-10-10T13:00:00Z,2022-10-10T13:00:00Z,wendell &amp; wild | official trailer | netflix,True
202,202,UCWOA1ZGywLbqmigxE4Qlvuw,cq2iTHoLrt0,Dark Season 3 | Official Trailer | Netflix,2020-06-12T06:00:00Z,2020-06-12T06:00:00Z,dark season 3 | official trailer | netflix,True
203,203,UCWOA1ZGywLbqmigxE4Qlvuw,RS3aHkkfuEI,The Irishman | Final Trailer | Netflix,2019-11-19T14:00:03Z,2019-11-19T14:00:03Z,the irishman | final trailer | netflix,True
204,204,UCWOA1ZGywLbqmigxE4Qlvuw,9zG9RuJb3QU,Sweet Tooth | Official Trailer | Netflix,2021-05-17T15:00:00Z,2021-05-17T15:00:00Z,sweet tooth | official trailer | netflix,True
205,205,UCWOA1ZGywLbqmigxE4Qlvuw,vIDbiQB6N28,Conversations with a Killer: The John Wayne Gacy Tapes | Official Trailer | Netflix,2022-04-07T15:00:01Z,2022-04-07T15:00:01Z,conversations with a killer: the john wayne gacy tapes | official trailer | netflix,True
206,206,UCWOA1ZGywLbqmigxE4Qlvuw,L7iWXfZzEMc,Castlevania Season 4 | Official Trailer | Netflix,2021-04-29T20:00:00Z,2021-04-29T20:00:00Z,castlevania season 4 | official trailer | netflix,True
207,207,UCWOA1ZGywLbqmigxE4Qlvuw,_kRab62q54M,Love in the Villa | Official Trailer | Netflix,2022-08-04T16:00:00Z,2022-08-04T16:00:00Z,love in the villa | official trailer | netflix,True
209,209,UCWOA1ZGywLbqmigxE4Qlvuw,BOe8L69JpVI,Vivo | Official Trailer | Netflix,2021-07-29T13:00:00Z,2021-07-29T13:00:00Z,vivo | official trailer | netflix,True
210,210,UCWOA1ZGywLbqmigxE4Qlvuw,YLE85olJjp8,6 Underground starring Ryan Reynolds | Official Trailer | Netflix,2019-10-01T14:03:01Z,2019-10-01T14:03:01Z,6 underground starring ryan reynolds | official trailer | netflix,True
211,211,UCWOA1ZGywLbqmigxE4Qlvuw,b9EkMc79ZSU,Stranger Things | Official Final Trailer | Netflix,2016-06-30T14:30:02Z,2016-06-30T14:30:02Z,stranger things | official final trailer | netflix,True
212,212,UCWOA1ZGywLbqmigxE4Qlvuw,7FtDMn8BcvI,Crime Scene: The Texas Killing Fields | Official Trailer | Netflix,2022-11-09T17:30:00Z,2022-11-09T17:30:00Z,crime scene: the texas killing fields | official trailer | netflix,True
213,213,UCWOA1ZGywLbqmigxE4Qlvuw,DYY0QJhlXjc,HIS HOUSE | Official Trailer | Netflix,2020-09-30T14:30:02Z,2020-09-30T14:30:02Z,his house | official trailer | netflix,True
214,214,UCWOA1ZGywLbqmigxE4Qlvuw,_kRab62q54M,Love in the Villa | Official Trailer | Netflix,2022-08-04T16:00:00Z,2022-08-04T16:00:00Z,love in the villa | official trailer | netflix,True
215,215,UCWOA1ZGywLbqmigxE4Qlvuw,W5QJW0M5pik,Cargo | Official Trailer [HD] | Netflix,2018-04-03T15:00:04Z,2018-04-03T15:00:04Z,cargo | official trailer [hd] | netflix,True
216,216,UCWOA1ZGywLbqmigxE4Qlvuw,8kjuzKitPRw,Love is Blind Season 2 | Official Trailer | Netflix,2022-02-02T17:00:01Z,2022-02-02T17:00:01Z,love is blind season 2 | official trailer | netflix,True
217,217,UCWOA1ZGywLbqmigxE4Qlvuw,MYy7oGQiSqI,Kung Fu Panda: The Dragon Knight üêª‚Äç‚ùÑÔ∏èüêâ Official Trailer | Netflix,2022-06-30T15:00:00Z,2022-06-30T15:00:00Z,kung fu panda: the dragon knight üêª‚Äç‚ùÑÔ∏èüêâ official trailer | netflix,True
218,218,UCWOA1ZGywLbqmigxE4Qlvuw,mjLWuzGVyew,Messiah | Season 1 Official Trailer | Netflix,2019-12-03T15:00:03Z,2019-12-03T15:00:03Z,messiah | season 1 official trailer | netflix,True
219,219,UCWOA1ZGywLbqmigxE4Qlvuw,-NOp5ROn1HE,The Dirt | Official Trailer [HD] | Netflix,2019-02-19T15:00:00Z,2019-02-19T15:00:00Z,the dirt | official trailer [hd] | netflix,True
220,220,UCWOA1ZGywLbqmigxE4Qlvuw,T3mwUEoZdrI,FATHERHOOD starring Kevin Hart | Official Trailer | Netflix,2021-05-10T12:30:01Z,2021-05-10T12:30:01Z,fatherhood starring kevin hart | official trailer | netflix,True
221,221,UCWOA1ZGywLbqmigxE4Qlvuw,705yRfs6Dbs,To The Bone | Official Trailer [HD] | Netflix,2017-06-20T16:02:15Z,2017-06-20T16:02:15Z,to the bone | official trailer [hd] | netflix,True
222,222,UCWOA1ZGywLbqmigxE4Qlvuw,Q-G1BME8FKw,Outlaw King | Official Trailer [HD] | Netflix,2018-08-20T13:00:05Z,2018-08-20T13:00:05Z,outlaw king | official trailer [hd] | netflix,True
223,223,UCWOA1ZGywLbqmigxE4Qlvuw,mjLWuzGVyew,Messiah | Season 1 Official Trailer | Netflix,2019-12-03T15:00:03Z,2019-12-03T15:00:03Z,messiah | season 1 official trailer | netflix,True
224,224,UCWOA1ZGywLbqmigxE4Qlvuw,u8ZsUivELbs,Outside the Wire | Official Trailer | Netflix,2021-01-06T16:00:03Z,2021-01-06T16:00:03Z,outside the wire | official trailer | netflix,True
225,225,UCWOA1ZGywLbqmigxE4Qlvuw,PHqyFhrb3uU,A Classic Horror Story | Official Trailer | Netflix,2021-06-16T10:00:00Z,2021-06-16T10:00:00Z,a classic horror story | official trailer | netflix,True
226,226,UCWOA1ZGywLbqmigxE4Qlvuw,1zLKbMAZNGI,Pieces of a Woman | Official Trailer | Netflix,2020-11-17T14:00:05Z,2020-11-17T14:00:05Z,pieces of a woman | official trailer | netflix,True
228,228,UCWOA1ZGywLbqmigxE4Qlvuw,T3mwUEoZdrI,FATHERHOOD starring Kevin Hart | Official Trailer | Netflix,2021-05-10T12:30:01Z,2021-05-10T12:30:01Z,fatherhood starring kevin hart | official trailer | netflix,True
229,229,UCWOA1ZGywLbqmigxE4Qlvuw,705yRfs6Dbs,To The Bone | Official Trailer [HD] | Netflix,2017-06-20T16:02:15Z,2017-06-20T16:02:15Z,to the bone | official trailer [hd] | netflix,True
230,230,UCWOA1ZGywLbqmigxE4Qlvuw,r9sSydb5ec8,Blood Sisters | Official Trailer | Netflix,2022-04-07T08:00:00Z,2022-04-07T08:00:00Z,blood sisters | official trailer | netflix,True
231,231,UCWOA1ZGywLbqmigxE4Qlvuw,bbtcUPJ_N4U,The Principles of Pleasure | Official Trailer | Netflix,2022-03-03T17:00:00Z,2022-03-03T17:00:00Z,the principles of pleasure | official trailer | netflix,True
232,232,UCWOA1ZGywLbqmigxE4Qlvuw,HyOCCCbxwMQ,Never Have I Ever | Official Trailer | Netflix,2020-04-15T20:00:01Z,2020-04-15T20:00:01Z,never have i ever | official trailer | netflix,True
233,233,UCWOA1ZGywLbqmigxE4Qlvuw,W5QJW0M5pik,Cargo | Official Trailer [HD] | Netflix,2018-04-03T15:00:04Z,2018-04-03T15:00:04Z,cargo | official trailer [hd] | netflix,True
234,234,UCWOA1ZGywLbqmigxE4Qlvuw,1lXLGwe_DUU,Candy Jar | Official Trailer [HD] | Netflix,2018-04-19T14:59:49Z,2018-04-19T14:59:49Z,candy jar | official trailer [hd] | netflix,True
235,235,UCWOA1ZGywLbqmigxE4Qlvuw,k5TQidx2WkI,Elite: Season 3 | Official Trailer | Netflix,2020-03-02T14:00:00Z,2020-03-02T14:00:00Z,elite: season 3 | official trailer | netflix,True
236,236,UCWOA1ZGywLbqmigxE4Qlvuw,DgvaXros3MY,Ancient Apocalypse | Official Trailer | Netflix,2022-10-19T13:00:00Z,2022-10-19T13:00:00Z,ancient apocalypse | official trailer | netflix,True
237,237,UCWOA1ZGywLbqmigxE4Qlvuw,705yRfs6Dbs,To The Bone | Official Trailer [HD] | Netflix,2017-06-20T16:02:15Z,2017-06-20T16:02:15Z,to the bone | official trailer [hd] | netflix,True
238,238,UCWOA1ZGywLbqmigxE4Qlvuw,st6r-8mLW_o,The Rain | Official Trailer [HD] | Netflix,2018-04-23T16:00:53Z,2018-04-23T16:00:53Z,the rain | official trailer [hd] | netflix,True
239,239,UCWOA1ZGywLbqmigxE4Qlvuw,b_m3jC4hGn0,A Cop Movie | Official Trailer | Netflix,2021-09-07T15:00:00Z,2021-09-07T15:00:00Z,a cop movie | official trailer | netflix,True
240,240,UCWOA1ZGywLbqmigxE4Qlvuw,a3_owZfYVR8,The Dark Crystal: Age of Resistance | Trailer | Netflix,2019-08-13T15:00:00Z,2019-08-13T15:00:00Z,the dark crystal: age of resistance | trailer | netflix,True
241,241,UCWOA1ZGywLbqmigxE4Qlvuw,D7WhLZj5-LY,Slumberland | World of Dreams | Official Trailer #2 | Netflix,2022-11-16T15:00:00Z,2022-11-16T15:00:00Z,slumberland | world of dreams | official trailer #2 | netflix,True
242,242,UCWOA1ZGywLbqmigxE4Qlvuw,f9OVdmIxkso,The Princess Switch 2: Switched Again | Official Trailer | Netflix,2020-11-09T18:00:01Z,2020-11-09T18:00:01Z,the princess switch 2: switched again | official trailer | netflix,True
243,243,UCWOA1ZGywLbqmigxE4Qlvuw,L8tCoWmooRE,Restless | Official Trailer | Netflix,2022-02-04T11:00:01Z,2022-02-04T11:00:01Z,restless | official trailer | netflix,True
244,244,UCWOA1ZGywLbqmigxE4Qlvuw,QILhvR4QPsQ,Lou | Official Trailer | Netflix,2022-08-22T19:00:00Z,2022-08-22T19:00:00Z,lou | official trailer | netflix,True
245,245,UCWOA1ZGywLbqmigxE4Qlvuw,S5qJXYNNINo,Anne | Official Trailer [HD] | Netflix,2017-04-04T16:00:02Z,2017-04-04T16:00:02Z,anne | official trailer [hd] | netflix,True
246,246,UCWOA1ZGywLbqmigxE4Qlvuw,kFIbSnJ9tQM,Afterlife of the Party | Official Trailer | Netflix,2021-08-16T14:00:00Z,2021-08-16T14:00:00Z,afterlife of the party | official trailer | netflix,True
247,247,UCWOA1ZGywLbqmigxE4Qlvuw,_InqQJRqGW4,Money Heist | Series Trailer | Netflix,2021-12-01T14:00:00Z,2021-12-01T14:00:00Z,money heist | series trailer | netflix,True
248,248,UCWOA1ZGywLbqmigxE4Qlvuw,3boMRfx6cjE,Love Hard | Official Trailer | Netflix,2021-10-07T15:00:00Z,2021-10-07T15:00:00Z,love hard | official trailer | netflix,True
249,249,UCWOA1ZGywLbqmigxE4Qlvuw,hcz6MNjTCE4,High Water | Official Trailer | Netflix,2022-09-07T07:00:00Z,2022-09-07T07:00:00Z,high water | official trailer | netflix,True
250,250,UCWOA1ZGywLbqmigxE4Qlvuw,_InqQJRqGW4,Money Heist | Series Trailer | Netflix,2021-12-01T14:00:00Z,2021-12-01T14:00:00Z,money heist | series trailer | netflix,True
251,251,UCWOA1ZGywLbqmigxE4Qlvuw,2A5KtlZq7ws,Queen | Official Trailer | Netflix,2022-05-24T08:00:05Z,2022-05-24T08:00:05Z,queen | official trailer | netflix,True
252,252,UCWOA1ZGywLbqmigxE4Qlvuw,st6r-8mLW_o,The Rain | Official Trailer [HD] | Netflix,2018-04-23T16:00:53Z,2018-04-23T16:00:53Z,the rain | official trailer [hd] | netflix,True
253,253,UCWOA1ZGywLbqmigxE4Qlvuw,hcz6MNjTCE4,High Water | Official Trailer | Netflix,2022-09-07T07:00:00Z,2022-09-07T07:00:00Z,high water | official trailer | netflix,True
254,254,UCWOA1ZGywLbqmigxE4Qlvuw,aT7XzkO_CmM,Tear Along The Dotted Line | Official Trailer | Netflix,2021-10-18T12:30:00Z,2021-10-18T12:30:00Z,tear along the dotted line | official trailer | netflix,True
255,255,UCWOA1ZGywLbqmigxE4Qlvuw,_TFc9pprTLE,Before I Wake | Official Trailer | Netflix,2018-01-06T02:18:18Z,2018-01-06T02:18:18Z,before i wake | official trailer | netflix,True
256,256,UCWOA1ZGywLbqmigxE4Qlvuw,aT7XzkO_CmM,Tear Along The Dotted Line | Official Trailer | Netflix,2021-10-18T12:30:00Z,2021-10-18T12:30:00Z,tear along the dotted line | official trailer | netflix,True
257,257,UCWOA1ZGywLbqmigxE4Qlvuw,bbtcUPJ_N4U,The Principles of Pleasure | Official Trailer | Netflix,2022-03-03T17:00:00Z,2022-03-03T17:00:00Z,the principles of pleasure | official trailer | netflix,True
258,258,UCWOA1ZGywLbqmigxE4Qlvuw,hxaaAoI57fk,Holidate starring Emma Roberts | Find Your Perfect Plus-One | Official Trailer | Netflix,2020-09-29T15:00:01Z,2020-09-29T15:00:01Z,holidate starring emma roberts | find your perfect plus-one | official trailer | netflix,True
259,259,UCWOA1ZGywLbqmigxE4Qlvuw,_InqQJRqGW4,Money Heist | Series Trailer | Netflix,2021-12-01T14:00:00Z,2021-12-01T14:00:00Z,money heist | series trailer | netflix,True
260,260,UCWOA1ZGywLbqmigxE4Qlvuw,hxaaAoI57fk,Holidate starring Emma Roberts | Find Your Perfect Plus-One | Official Trailer | Netflix,2020-09-29T15:00:01Z,2020-09-29T15:00:01Z,holidate starring emma roberts | find your perfect plus-one | official trailer | netflix,True
261,261,UCWOA1ZGywLbqmigxE4Qlvuw,8hq28cZ938E,Sand Castle | Official Trailer [HD] | Netflix,2017-03-02T14:30:05Z,2017-03-02T14:30:05Z,sand castle | official trailer [hd] | netflix,True
262,262,UCWOA1ZGywLbqmigxE4Qlvuw,9pZrPauX_WM,Intimacy | Official Trailer | Netflix,2022-05-31T09:00:05Z,2022-05-31T09:00:05Z,intimacy | official trailer | netflix,True
263,263,UCWOA1ZGywLbqmigxE4Qlvuw,5fKn0Dhj64w,The Kissing Booth 3 | Official Trailer | Netflix,2021-07-06T22:25:00Z,2021-07-06T22:25:00Z,the kissing booth 3 | official trailer | netflix,True
264,264,UCWOA1ZGywLbqmigxE4Qlvuw,D7WhLZj5-LY,Slumberland | World of Dreams | Official Trailer #2 | Netflix,2022-11-16T15:00:00Z,2022-11-16T15:00:00Z,slumberland | world of dreams | official trailer #2 | netflix,True
265,265,UCWOA1ZGywLbqmigxE4Qlvuw,CI6MV7ZTCbg,How I Became a Superhero | Official Trailer | Netflix,2021-06-17T10:00:00Z,2021-06-17T10:00:00Z,how i became a superhero | official trailer | netflix,True
266,266,UCWOA1ZGywLbqmigxE4Qlvuw,aYPUYVgwLWY,Jingle Jangle: A Christmas Journey | Everything is Possible | Official Trailer | Netflix,2020-10-04T13:00:02Z,2020-10-04T13:00:02Z,jingle jangle: a christmas journey | everything is possible | official trailer | netflix,True
267,267,UCWOA1ZGywLbqmigxE4Qlvuw,9pZrPauX_WM,Intimacy | Official Trailer | Netflix,2022-05-31T09:00:05Z,2022-05-31T09:00:05Z,intimacy | official trailer | netflix,True
268,268,UCWOA1ZGywLbqmigxE4Qlvuw,ax5YUmkWf_Y,Cyberpunk: Edgerunners | Official Trailer (Studio Trigger Version) | Netflix,2022-08-01T16:00:00Z,2022-08-01T16:00:00Z,cyberpunk: edgerunners | official trailer (studio trigger version) | netflix,True
269,269,UCWOA1ZGywLbqmigxE4Qlvuw,dpLaoYw8xug,A Week Away | Official Trailer | Netflix,2021-02-22T19:00:01Z,2021-02-22T19:00:01Z,a week away | official trailer | netflix,True
270,270,UCWOA1ZGywLbqmigxE4Qlvuw,Nc6loZU3kjQ,Secret Obsession | Official Trailer | Netflix,2019-07-08T14:01:10Z,2019-07-08T14:01:10Z,secret obsession | official trailer | netflix,True
271,271,UCWOA1ZGywLbqmigxE4Qlvuw,gZMOVvSkm44,Fakes | Official Trailer | Netflix,2022-08-10T15:00:00Z,2022-08-10T15:00:00Z,fakes | official trailer | netflix,True
272,272,UCWOA1ZGywLbqmigxE4Qlvuw,aYPUYVgwLWY,Jingle Jangle: A Christmas Journey | Everything is Possible | Official Trailer | Netflix,2020-10-04T13:00:02Z,2020-10-04T13:00:02Z,jingle jangle: a christmas journey | everything is possible | official trailer | netflix,True
273,273,UCWOA1ZGywLbqmigxE4Qlvuw,Qe9B8kzlFjM,The Last Summer | Official Trailer [HD] | Netflix,2019-04-09T21:00:31Z,2019-04-09T21:00:31Z,the last summer | official trailer [hd] | netflix,True
274,274,UCWOA1ZGywLbqmigxE4Qlvuw,CI6MV7ZTCbg,How I Became a Superhero | Official Trailer | Netflix,2021-06-17T10:00:00Z,2021-06-17T10:00:00Z,how i became a superhero | official trailer | netflix,True
275,275,UCWOA1ZGywLbqmigxE4Qlvuw,YaeDa_Uempk,The Christmas Chronicles | Official Trailer | Netflix,2018-11-01T13:30:00Z,2018-11-01T13:30:00Z,the christmas chronicles | official trailer | netflix,True
277,277,UCWOA1ZGywLbqmigxE4Qlvuw,hskfrLEkrxc,The Seven Deadly Sins: Grudge of Edinburgh Part 1 | Official Trailer | Netflix,2022-11-19T03:00:00Z,2022-11-19T03:00:00Z,the seven deadly sins: grudge of edinburgh part 1 | official trailer | netflix,True
278,278,UCWOA1ZGywLbqmigxE4Qlvuw,ax5YUmkWf_Y,Cyberpunk: Edgerunners | Official Trailer (Studio Trigger Version) | Netflix,2022-08-01T16:00:00Z,2022-08-01T16:00:00Z,cyberpunk: edgerunners | official trailer (studio trigger version) | netflix,True
279,279,UCWOA1ZGywLbqmigxE4Qlvuw,mEEMbNS6fzY,Roald Dahl‚Äôs Matilda the Musical | Official Trailer | Netflix,2022-10-13T13:00:00Z,2022-10-13T13:00:00Z,roald dahl‚Äôs matilda the musical | official trailer | netflix,True
280,280,UCWOA1ZGywLbqmigxE4Qlvuw,-JtwROpSVWc,The Knight Before Christmas starring Vanessa Hudgens | Official Trailer | Netflix,2019-11-07T15:00:03Z,2019-11-07T15:00:03Z,the knight before christmas starring vanessa hudgens | official trailer | netflix,True
281,281,UCWOA1ZGywLbqmigxE4Qlvuw,zmgYlYw7Uwk,Sex Education | Season 3 | Official Trailer | Netflix,2021-09-07T12:00:01Z,2021-09-07T12:00:01Z,sex education | season 3 | official trailer | netflix,True
282,282,UCWOA1ZGywLbqmigxE4Qlvuw,-zjikObAJHk,The Ice Road | Official Trailer | Netflix,2021-05-18T17:00:00Z,2021-05-18T17:00:00Z,the ice road | official trailer | netflix,True
283,283,UCWOA1ZGywLbqmigxE4Qlvuw,kk6f4enUo6w,The Final Score | Official Trailer | Netflix,2022-10-27T13:30:00Z,2022-10-27T13:30:00Z,the final score | official trailer | netflix,True
284,284,UCWOA1ZGywLbqmigxE4Qlvuw,qdV6mkm2bAg,Dead to Me: Season 3 | Official Trailer | Netflix,2022-11-02T16:00:00Z,2022-11-02T16:00:00Z,dead to me: season 3 | official trailer | netflix,True
285,285,UCWOA1ZGywLbqmigxE4Qlvuw,aYPUYVgwLWY,Jingle Jangle: A Christmas Journey | Everything is Possible | Official Trailer | Netflix,2020-10-04T13:00:02Z,2020-10-04T13:00:02Z,jingle jangle: a christmas journey | everything is possible | official trailer | netflix,True
286,286,UCWOA1ZGywLbqmigxE4Qlvuw,1d0Zf9sXlHk,Enola Holmes | Official Trailer | Netflix,2020-08-25T12:30:00Z,2020-08-25T12:30:00Z,enola holmes | official trailer | netflix,True
287,287,UCWOA1ZGywLbqmigxE4Qlvuw,gZMOVvSkm44,Fakes | Official Trailer | Netflix,2022-08-10T15:00:00Z,2022-08-10T15:00:00Z,fakes | official trailer | netflix,True
288,288,UCWOA1ZGywLbqmigxE4Qlvuw,nOMiQll5pQ0,Killer Sally | Official Trailer | Netflix,2022-10-19T09:00:00Z,2022-10-19T09:00:00Z,killer sally | official trailer | netflix,True
289,289,UCWOA1ZGywLbqmigxE4Qlvuw,13nSISwxrY4,Neon Genesis Evangelion | Official Trailer [HD] | Netflix,2018-11-27T03:00:07Z,2018-11-27T03:00:07Z,neon genesis evangelion | official trailer [hd] | netflix,True
290,290,UCWOA1ZGywLbqmigxE4Qlvuw,ieqemSsMxek,Horse Girl | Official Trailer | Netflix,2020-01-21T13:30:02Z,2020-01-21T13:30:02Z,horse girl | official trailer | netflix,True
291,291,UCWOA1ZGywLbqmigxE4Qlvuw,LPgBQSya5rU,Lookism | Official Trailer | Netflix,2022-10-26T00:00:01Z,2022-10-26T00:00:01Z,lookism | official trailer | netflix,True
292,292,UCWOA1ZGywLbqmigxE4Qlvuw,UMmfRJdPPoE,The Redeem Team | Official Trailer | Netflix,2022-09-13T15:30:00Z,2022-09-13T15:30:00Z,the redeem team | official trailer | netflix,True
293,293,UCWOA1ZGywLbqmigxE4Qlvuw,13nSISwxrY4,Neon Genesis Evangelion | Official Trailer [HD] | Netflix,2018-11-27T03:00:07Z,2018-11-27T03:00:07Z,neon genesis evangelion | official trailer [hd] | netflix,True
294,294,UCWOA1ZGywLbqmigxE4Qlvuw,AmOheoEWjt4,Who&#39;s a Good Boy? | Official Trailer | Netflix,2022-11-03T13:30:00Z,2022-11-03T13:30:00Z,who&#39;s a good boy? | official trailer | netflix,True
295,295,UCWOA1ZGywLbqmigxE4Qlvuw,13nSISwxrY4,Neon Genesis Evangelion | Official Trailer [HD] | Netflix,2018-11-27T03:00:07Z,2018-11-27T03:00:07Z,neon genesis evangelion | official trailer [hd] | netflix,True
296,296,UCWOA1ZGywLbqmigxE4Qlvuw,UMmfRJdPPoE,The Redeem Team | Official Trailer | Netflix,2022-09-13T15:30:00Z,2022-09-13T15:30:00Z,the redeem team | official trailer | netflix,True
297,297,UCWOA1ZGywLbqmigxE4Qlvuw,AmOheoEWjt4,Who&#39;s a Good Boy? | Official Trailer | Netflix,2022-11-03T13:30:00Z,2022-11-03T13:30:00Z,who&#39;s a good boy? | official trailer | netflix,True
298,298,UCWOA1ZGywLbqmigxE4Qlvuw,R_wIaGkiUBI,Nobody Sleeps In The Woods Tonight 2 | Trailer | Netflix,2021-10-20T10:05:35Z,2021-10-20T10:05:35Z,nobody sleeps in the woods tonight 2 | trailer | netflix,True
299,299,UCWOA1ZGywLbqmigxE4Qlvuw,2Cwaneq2w-4,The Wrong Missy | Official Trailer | Netflix,2020-04-21T14:00:02Z,2020-04-21T14:00:02Z,the wrong missy | official trailer | netflix,True
300,300,UCWOA1ZGywLbqmigxE4Qlvuw,AmOheoEWjt4,Who&#39;s a Good Boy? | Official Trailer | Netflix,2022-11-03T13:30:00Z,2022-11-03T13:30:00Z,who&#39;s a good boy? | official trailer | netflix,True
301,301,UCWOA1ZGywLbqmigxE4Qlvuw,R_wIaGkiUBI,Nobody Sleeps In The Woods Tonight 2 | Trailer | Netflix,2021-10-20T10:05:35Z,2021-10-20T10:05:35Z,nobody sleeps in the woods tonight 2 | trailer | netflix,True
302,302,UCWOA1ZGywLbqmigxE4Qlvuw,2Cwaneq2w-4,The Wrong Missy | Official Trailer | Netflix,2020-04-21T14:00:02Z,2020-04-21T14:00:02Z,the wrong missy | official trailer | netflix,True
303,303,UCWOA1ZGywLbqmigxE4Qlvuw,N-QI4XU_Tys,Single‚Äôs Inferno 2 | Official Trailer | Netflix,2022-11-15T00:00:00Z,2022-11-15T00:00:00Z,single‚Äôs inferno 2 | official trailer | netflix,True
304,304,UCWOA1ZGywLbqmigxE4Qlvuw,oqxAJKy0ii4,Squid Game | Official Trailer | Netflix,2021-09-02T00:00:02Z,2021-09-02T00:00:02Z,squid game | official trailer | netflix,True
305,305,UCWOA1ZGywLbqmigxE4Qlvuw,A1PTIxYrTVw,Along for the Ride | Official Trailer | Netflix,2022-03-24T16:00:01Z,2022-03-24T16:00:01Z,along for the ride | official trailer | netflix,True
306,306,UCWOA1ZGywLbqmigxE4Qlvuw,YQ1vN_91KO0,Man Vs Bee | Official Trailer | Netflix,2022-05-26T11:00:22Z,2022-05-26T11:00:22Z,man vs bee | official trailer | netflix,True
307,307,UCWOA1ZGywLbqmigxE4Qlvuw,J6QEnsNMkks,The Autopsy Official Trailer | GUILLERMO DEL TORO‚ÄôS CABINET OF CURIOSITIES | Netflix,2022-10-26T14:30:00Z,2022-10-26T14:30:00Z,the autopsy official trailer | guillermo del toro‚Äôs cabinet of curiosities | netflix,True
308,308,UCWOA1ZGywLbqmigxE4Qlvuw,-qIlCo9yqpY,"Black Mirror: Rachel, Jack and Ashley Too | Official Trailer | Netflix",2019-05-21T14:40:04Z,2019-05-21T14:40:04Z,"black mirror: rachel, jack and ashley too | official trailer | netflix",True
310,310,UCWOA1ZGywLbqmigxE4Qlvuw,-qIlCo9yqpY,"Black Mirror: Rachel, Jack and Ashley Too | Official Trailer | Netflix",2019-05-21T14:40:04Z,2019-05-21T14:40:04Z,"black mirror: rachel, jack and ashley too | official trailer | netflix",True
312,312,UCWOA1ZGywLbqmigxE4Qlvuw,sB7LEqzXl_Y,Conversations with a Killer: The Jeffrey Dahmer Tapes | Official Trailer | Netflix,2022-09-22T16:00:00Z,2022-09-22T16:00:00Z,conversations with a killer: the jeffrey dahmer tapes | official trailer | netflix,True
313,313,UCWOA1ZGywLbqmigxE4Qlvuw,0DAmWHxeoKw,The Umbrella Academy | Official Trailer | Netflix,2019-01-24T16:30:11Z,2019-01-24T16:30:11Z,the umbrella academy | official trailer | netflix,True
314,314,UCWOA1ZGywLbqmigxE4Qlvuw,vba9e_hSvro,Alice in Borderland Season 2 | Super Teaser Trailer | Netflix,2022-09-24T18:58:01Z,2022-09-24T18:58:01Z,alice in borderland season 2 | super teaser trailer | netflix,True
316,316,UCWOA1ZGywLbqmigxE4Qlvuw,HCtDkpe89aY,SENIOR YEAR starring Rebel Wilson | Official Trailer | Netflix,2022-04-11T13:00:01Z,2022-04-11T13:00:01Z,senior year starring rebel wilson | official trailer | netflix,True
317,317,UCWOA1ZGywLbqmigxE4Qlvuw,fiNJEulukVY,JoJo‚Äôs Bizarre Adventure: STONE OCEAN | Official Trailer 3 | Netflix,2022-07-02T04:30:04Z,2022-07-02T04:30:04Z,jojo‚Äôs bizarre adventure: stone ocean | official trailer 3 | netflix,True
318,318,UCWOA1ZGywLbqmigxE4Qlvuw,3mTh2joPPj8,Lucifer Season 5 | Official Trailer | Netflix,2020-07-13T13:30:00Z,2020-07-13T13:30:00Z,lucifer season 5 | official trailer | netflix,True
319,319,UCWOA1ZGywLbqmigxE4Qlvuw,f-LKtOPn8U4,Don&#39;t Leave | Official Trailer | Netflix,2022-10-24T08:00:00Z,2022-10-24T08:00:00Z,don&#39;t leave | official trailer | netflix,True
320,320,UCWOA1ZGywLbqmigxE4Qlvuw,65xa8TG2G8o,Inventing Anna | Official Trailer | Netflix,2022-01-14T16:00:00Z,2022-01-14T16:00:00Z,inventing anna | official trailer | netflix,True
321,321,UCWOA1ZGywLbqmigxE4Qlvuw,IN5TD4VRcSM,All of Us Are Dead | Official Trailer | Netflix,2022-01-14T00:00:00Z,2022-01-14T00:00:00Z,all of us are dead | official trailer | netflix,True
322,322,UCWOA1ZGywLbqmigxE4Qlvuw,EbptKdhRXEo,BEAUTY | Official Trailer | Netflix,2022-06-15T13:00:00Z,2022-06-15T13:00:00Z,beauty | official trailer | netflix,True
323,323,UCWOA1ZGywLbqmigxE4Qlvuw,pyM3z73oMAk,365 Days: This Day | Official Trailer | Netflix,2022-04-07T14:00:00Z,2022-04-07T14:00:00Z,365 days: this day | official trailer | netflix,True
324,324,UCWOA1ZGywLbqmigxE4Qlvuw,JtqIas3bYhg,Cyberpunk: Edgerunners | Official NSFW Trailer | Netflix,2022-08-30T18:00:00Z,2022-08-30T18:00:00Z,cyberpunk: edgerunners | official nsfw trailer | netflix,True
325,325,UCWOA1ZGywLbqmigxE4Qlvuw,JtqIas3bYhg,Cyberpunk: Edgerunners | Official NSFW Trailer | Netflix,2022-08-30T18:00:00Z,2022-08-30T18:00:00Z,cyberpunk: edgerunners | official nsfw trailer | netflix,True
326,326,UCWOA1ZGywLbqmigxE4Qlvuw,A_apvQkWsVY,Stowaway | Official Trailer | Netflix,2021-03-24T13:15:01Z,2021-03-24T13:15:01Z,stowaway | official trailer | netflix,True
327,327,UCWOA1ZGywLbqmigxE4Qlvuw,Xj2b0swdpX8,LOVE DEATH + ROBOTS VOLUME 3 | Official Trailer | Netflix,2022-05-09T14:00:05Z,2022-05-09T14:00:05Z,love death + robots volume 3 | official trailer | netflix,True
328,328,UCWOA1ZGywLbqmigxE4Qlvuw,_zxhK3Z-R0c,Through My Window | Official Trailer | Netflix,2022-01-04T14:30:58Z,2022-01-04T14:30:58Z,through my window | official trailer | netflix,True
329,329,UCWOA1ZGywLbqmigxE4Qlvuw,vRunUkdkK8s,ATHENA directed by Romain Gavras | Official Trailer | Netflix,2022-08-24T15:10:00Z,2022-08-24T15:10:00Z,athena directed by romain gavras | official trailer | netflix,True
330,330,UCWOA1ZGywLbqmigxE4Qlvuw,vRunUkdkK8s,ATHENA directed by Romain Gavras | Official Trailer | Netflix,2022-08-24T15:10:00Z,2022-08-24T15:10:00Z,athena directed by romain gavras | official trailer | netflix,True
331,331,UCWOA1ZGywLbqmigxE4Qlvuw,_zxhK3Z-R0c,Through My Window | Official Trailer | Netflix,2022-01-04T14:30:58Z,2022-01-04T14:30:58Z,through my window | official trailer | netflix,True
332,332,UCWOA1ZGywLbqmigxE4Qlvuw,XXuBwwZvruI,BONDiNG | Official Trailer | Netflix,2019-04-22T19:00:02Z,2019-04-22T19:00:02Z,bonding | official trailer | netflix,True
333,333,UCWOA1ZGywLbqmigxE4Qlvuw,aOWFNAmMplU,The School for Good and Evil | One Week Countdown | Official Trailer 2 | Netflix,2022-10-12T13:00:02Z,2022-10-12T13:00:02Z,the school for good and evil | one week countdown | official trailer 2 | netflix,True
334,334,UCWOA1ZGywLbqmigxE4Qlvuw,27dZyLpY4xU,Once Upon a Time... Happily Never After | Official Trailer | Netflix,2022-02-23T14:00:00Z,2022-02-23T14:00:00Z,once upon a time... happily never after | official trailer | netflix,True
335,335,UCWOA1ZGywLbqmigxE4Qlvuw,aOWFNAmMplU,The School for Good and Evil | One Week Countdown | Official Trailer 2 | Netflix,2022-10-12T13:00:02Z,2022-10-12T13:00:02Z,the school for good and evil | one week countdown | official trailer 2 | netflix,True
336,336,UCWOA1ZGywLbqmigxE4Qlvuw,27dZyLpY4xU,Once Upon a Time... Happily Never After | Official Trailer | Netflix,2022-02-23T14:00:00Z,2022-02-23T14:00:00Z,once upon a time... happily never after | official trailer | netflix,True
337,337,UCWOA1ZGywLbqmigxE4Qlvuw,zUBsmQ-OByM,Young Royals: Season 2 | Official Trailer | Netflix,2022-10-18T13:00:00Z,2022-10-18T13:00:00Z,young royals: season 2 | official trailer | netflix,True
338,338,UCWOA1ZGywLbqmigxE4Qlvuw,_U2m1x5pmKM,Home For Christmas | Official Trailer | Netflix,2019-11-19T09:00:00Z,2019-11-19T09:00:00Z,home for christmas | official trailer | netflix,True
339,339,UCWOA1ZGywLbqmigxE4Qlvuw,EoGojQE4p-8,Run starring Sarah Paulson and introducing Kiera Allen | Official Trailer | Netflix,2021-03-23T17:00:00Z,2021-03-23T17:00:00Z,run starring sarah paulson and introducing kiera allen | official trailer | netflix,True
340,340,UCWOA1ZGywLbqmigxE4Qlvuw,vKQzQ6fUkxU,Taco Chronicles: Cross the border | Official Trailer | Netflix,2022-10-26T16:00:00Z,2022-10-26T16:00:00Z,taco chronicles: cross the border | official trailer | netflix,True
341,341,UCWOA1ZGywLbqmigxE4Qlvuw,dXpa5PrtuP0,Heartbreak High | Official Trailer | Netflix,2022-08-17T20:00:00Z,2022-08-17T20:00:00Z,heartbreak high | official trailer | netflix,True
342,342,UCWOA1ZGywLbqmigxE4Qlvuw,2JYiMZtIkCo,Chilling Adventures of Sabrina | Straight to Hell Music Video Trailer | Netflix,2020-01-09T15:00:00Z,2020-01-09T15:00:00Z,chilling adventures of sabrina | straight to hell music video trailer | netflix,True
343,343,UCWOA1ZGywLbqmigxE4Qlvuw,W0Zma6L9bfI,Cici | Official Trailer | Netflix,2022-10-13T08:00:00Z,2022-10-13T08:00:00Z,cici | official trailer | netflix,True
344,344,UCWOA1ZGywLbqmigxE4Qlvuw,7vUQYzZ_UZc,Choose or Die | Official Trailer | Netflix,2022-03-29T13:00:00Z,2022-03-29T13:00:00Z,choose or die | official trailer | netflix,True
345,345,UCWOA1ZGywLbqmigxE4Qlvuw,65xa8TG2G8o,Inventing Anna | Official Trailer | Netflix,2022-01-14T16:00:00Z,2022-01-14T16:00:00Z,inventing anna | official trailer | netflix,True
346,346,UCWOA1ZGywLbqmigxE4Qlvuw,7vUQYzZ_UZc,Choose or Die | Official Trailer | Netflix,2022-03-29T13:00:00Z,2022-03-29T13:00:00Z,choose or die | official trailer | netflix,True
347,347,UCWOA1ZGywLbqmigxE4Qlvuw,W0Zma6L9bfI,Cici | Official Trailer | Netflix,2022-10-13T08:00:00Z,2022-10-13T08:00:00Z,cici | official trailer | netflix,True
348,348,UCWOA1ZGywLbqmigxE4Qlvuw,tI1JGPhYBS8,Army of the Dead | Official Trailer | Netflix,2021-04-13T15:15:01Z,2021-04-13T15:15:01Z,army of the dead | official trailer | netflix,True
349,349,UCWOA1ZGywLbqmigxE4Qlvuw,lCQimQfDuTs,"BARDO, False Chronicle of a Handful of Truths | Official Trailer | Netflix",2022-09-22T13:30:00Z,2022-09-22T13:30:00Z,"bardo, false chronicle of a handful of truths | official trailer | netflix",True
350,350,UCWOA1ZGywLbqmigxE4Qlvuw,lzS8BQBcAu4,"Pepsi, Where&#39;s My Jet? | Official Trailer | Netflix",2022-10-24T16:00:00Z,2022-10-24T16:00:00Z,"pepsi, where&#39;s my jet? | official trailer | netflix",True
351,351,UCWOA1ZGywLbqmigxE4Qlvuw,P-E-IGQCsPo,The Sea Beast | Official Trailer | Netflix,2022-06-07T16:05:02Z,2022-06-07T16:05:02Z,the sea beast | official trailer | netflix,True
352,352,UCWOA1ZGywLbqmigxE4Qlvuw,oqxAJKy0ii4,Squid Game | Official Trailer | Netflix,2021-09-02T00:00:02Z,2021-09-02T00:00:02Z,squid game | official trailer | netflix,True
353,353,UCWOA1ZGywLbqmigxE4Qlvuw,lTClXHjiSwM,Blood &amp; Water: Season 3 | Official Trailer | Netflix,2022-11-09T08:00:00Z,2022-11-09T08:00:00Z,blood &amp; water: season 3 | official trailer | netflix,True
354,354,UCWOA1ZGywLbqmigxE4Qlvuw,XIkQFUlBXF0,Love &amp; Gelato | Official Trailer | Netflix,2022-06-03T10:00:00Z,2022-06-03T10:00:00Z,love &amp; gelato | official trailer | netflix,True
355,355,UCWOA1ZGywLbqmigxE4Qlvuw,S7zP4ccVxYY,I Used to be Famous | Official Trailer | Netflix,2022-08-15T14:00:00Z,2022-08-15T14:00:00Z,i used to be famous | official trailer | netflix,True
356,356,UCWOA1ZGywLbqmigxE4Qlvuw,Mmq_NVwLN_g,ME TIME | Official Trailer | Netflix,2022-07-26T14:00:03Z,2022-07-26T14:00:03Z,me time | official trailer | netflix,True
357,357,UCWOA1ZGywLbqmigxE4Qlvuw,Hkb64KzON9E,Kangaroo Valley | Official Trailer | Netflix,2022-11-18T19:00:00Z,2022-11-18T19:00:00Z,kangaroo valley | official trailer | netflix,True
358,358,UCWOA1ZGywLbqmigxE4Qlvuw,CGZmwsK58M8,Malcolm &amp; Marie | Official Trailer | Netflix,2021-01-08T17:00:00Z,2021-01-08T17:00:00Z,malcolm &amp; marie | official trailer | netflix,True
359,359,UCWOA1ZGywLbqmigxE4Qlvuw,lTClXHjiSwM,Blood &amp; Water: Season 3 | Official Trailer | Netflix,2022-11-09T08:00:00Z,2022-11-09T08:00:00Z,blood &amp; water: season 3 | official trailer | netflix,True
360,360,UCWOA1ZGywLbqmigxE4Qlvuw,WTLgg8oRSBE,Purple Hearts | Official Trailer | Netflix,2022-07-12T15:00:00Z,2022-07-12T15:00:00Z,purple hearts | official trailer | netflix,True
361,361,UCWOA1ZGywLbqmigxE4Qlvuw,lTClXHjiSwM,Blood &amp; Water: Season 3 | Official Trailer | Netflix,2022-11-09T08:00:00Z,2022-11-09T08:00:00Z,blood &amp; water: season 3 | official trailer | netflix,True
362,362,UCWOA1ZGywLbqmigxE4Qlvuw,FHuHMwdHY8k,Neal Brennan: Blocks | Official Trailer | Netflix,2022-10-26T17:00:00Z,2022-10-26T17:00:00Z,neal brennan: blocks | official trailer | netflix,True
363,363,UCWOA1ZGywLbqmigxE4Qlvuw,CGZmwsK58M8,Malcolm &amp; Marie | Official Trailer | Netflix,2021-01-08T17:00:00Z,2021-01-08T17:00:00Z,malcolm &amp; marie | official trailer | netflix,True
364,364,UCWOA1ZGywLbqmigxE4Qlvuw,S7zP4ccVxYY,I Used to be Famous | Official Trailer | Netflix,2022-08-15T14:00:00Z,2022-08-15T14:00:00Z,i used to be famous | official trailer | netflix,True
365,365,UCWOA1ZGywLbqmigxE4Qlvuw,uIdjcDTc9Vk,Resident Evil | Official Trailer | Netflix,2022-06-06T17:00:03Z,2022-06-06T17:00:03Z,resident evil | official trailer | netflix,True
367,367,UCWOA1ZGywLbqmigxE4Qlvuw,qZhb0Vl_BaM,Sex Education: Season 2 | Official Trailer | Netflix,2020-01-07T15:00:02Z,2020-01-07T15:00:02Z,sex education: season 2 | official trailer | netflix,True
368,368,UCWOA1ZGywLbqmigxE4Qlvuw,LhERIj0ddXI,The Innocent | Official Trailer | Netflix,2021-04-09T12:11:08Z,2021-04-09T12:11:08Z,the innocent | official trailer | netflix,True
369,369,UCWOA1ZGywLbqmigxE4Qlvuw,dtohea4CFbE,Mo | Official Trailer | Netflix,2022-08-09T14:30:00Z,2022-08-09T14:30:00Z,mo | official trailer | netflix,True
370,370,UCWOA1ZGywLbqmigxE4Qlvuw,uIdjcDTc9Vk,Resident Evil | Official Trailer | Netflix,2022-06-06T17:00:03Z,2022-06-06T17:00:03Z,resident evil | official trailer | netflix,True
371,371,UCWOA1ZGywLbqmigxE4Qlvuw,qZhb0Vl_BaM,Sex Education: Season 2 | Official Trailer | Netflix,2020-01-07T15:00:02Z,2020-01-07T15:00:02Z,sex education: season 2 | official trailer | netflix,True
373,373,UCWOA1ZGywLbqmigxE4Qlvuw,LhERIj0ddXI,The Innocent | Official Trailer | Netflix,2021-04-09T12:11:08Z,2021-04-09T12:11:08Z,the innocent | official trailer | netflix,True
375,375,UCWOA1ZGywLbqmigxE4Qlvuw,RYmQHMC8NII,First Love | Official Trailer | Netflix,2022-11-14T23:00:00Z,2022-11-14T23:00:00Z,first love | official trailer | netflix,True
377,377,UCWOA1ZGywLbqmigxE4Qlvuw,omn2PJEuOTw,We Can Be Heroes starring Priyanka Chopra &amp; Pedro Pascal | Official Trailer | Netflix,2020-12-04T16:00:03Z,2020-12-04T16:00:03Z,we can be heroes starring priyanka chopra &amp; pedro pascal | official trailer | netflix,True
378,378,UCWOA1ZGywLbqmigxE4Qlvuw,bUN5uSu_VQM,XOXO | Official Trailer [HD] | Netflix,2016-08-04T15:30:05Z,2016-08-04T15:30:05Z,xoxo | official trailer [hd] | netflix,True
379,379,UCWOA1ZGywLbqmigxE4Qlvuw,i2s-AUdFt3g,Elite Season 5 | Official Trailer | Netflix,2022-03-30T13:00:00Z,2022-03-30T13:00:00Z,elite season 5 | official trailer | netflix,True
380,380,UCWOA1ZGywLbqmigxE4Qlvuw,bUN5uSu_VQM,XOXO | Official Trailer [HD] | Netflix,2016-08-04T15:30:05Z,2016-08-04T15:30:05Z,xoxo | official trailer [hd] | netflix,True
381,381,UCWOA1ZGywLbqmigxE4Qlvuw,c_pHCqZkXvY,ENTERGALACTIC | Official Trailer | Netflix,2022-09-12T16:00:01Z,2022-09-12T16:00:01Z,entergalactic | official trailer | netflix,True
382,382,UCWOA1ZGywLbqmigxE4Qlvuw,d_N99x0gAAk,Never Have I Ever: Season 3 | Official Trailer | Netflix,2022-07-27T16:00:00Z,2022-07-27T16:00:00Z,never have i ever: season 3 | official trailer | netflix,True
383,383,UCWOA1ZGywLbqmigxE4Qlvuw,f2OGhJoypPw,The Mystery of Marilyn Monroe: The Unheard Tapes | Official Trailer | Netflix,2022-04-01T14:00:00Z,2022-04-01T14:00:00Z,the mystery of marilyn monroe: the unheard tapes | official trailer | netflix,True
384,384,UCWOA1ZGywLbqmigxE4Qlvuw,iXdw5wYI4cY,The Next 365 Days | Official Trailer | Netflix,2022-08-08T16:00:00Z,2022-08-08T16:00:00Z,the next 365 days | official trailer | netflix,True
386,386,UCWOA1ZGywLbqmigxE4Qlvuw,SNIKhIfaZuM,The Glass Onion Cast Reacts to the Trailer for Glass Onion: A Knives Out Mystery | Netflix,2022-11-09T14:00:00Z,2022-11-09T14:00:00Z,the glass onion cast reacts to the trailer for glass onion: a knives out mystery | netflix,True
388,388,UCWOA1ZGywLbqmigxE4Qlvuw,_NwM9nFGTg0,Borgia Season 2 Now On Netflix | Trailer [HD] | Netflix,2013-05-08T17:25:27Z,2013-05-08T17:25:27Z,borgia season 2 now on netflix | trailer [hd] | netflix,True
389,389,UCWOA1ZGywLbqmigxE4Qlvuw,OMvNYm3g-tA,¬°Que viva M√©xico! | Official Trailer | Netflix,2022-10-04T12:00:00Z,2022-10-04T12:00:00Z,¬°que viva m√©xico! | official trailer | netflix,True
391,391,UCWOA1ZGywLbqmigxE4Qlvuw,Sk5uBa68FAg,Deon Cole: Charleen‚Äôs Boy | Official Trailer | Netflix #shorts,2022-11-07T17:30:00Z,2022-11-07T17:30:00Z,deon cole: charleen‚Äôs boy | official trailer | netflix #shorts,True
395,395,UCWOA1ZGywLbqmigxE4Qlvuw,Sk5uBa68FAg,Deon Cole: Charleen‚Äôs Boy | Official Trailer | Netflix #shorts,2022-11-07T17:30:00Z,2022-11-07T17:30:00Z,deon cole: charleen‚Äôs boy | official trailer | netflix #shorts,True
397,397,UCWOA1ZGywLbqmigxE4Qlvuw,Nne2blorXnE,ANNE+ The Film | Official Trailer | Netflix,2022-01-13T08:30:00Z,2022-01-13T08:30:00Z,anne+ the film | official trailer | netflix,True
398,398,UCWOA1ZGywLbqmigxE4Qlvuw,XqTPaRz8Nx8,He&#39;s All That | Addison Rae &amp; Tanner Buchanan | Official Trailer | Netflix,2021-08-04T20:00:01Z,2021-08-04T20:00:01Z,he&#39;s all that | addison rae &amp; tanner buchanan | official trailer | netflix,True
399,399,UCWOA1ZGywLbqmigxE4Qlvuw,z-81WVD8xTs,Insatiable | Official Trailer | Netflix,2018-07-19T15:01:13Z,2018-07-19T15:01:13Z,insatiable | official trailer | netflix,True
401,401,UCWOA1ZGywLbqmigxE4Qlvuw,pN8xZ5WDonk,Cam | Official Trailer [HD] | Netflix,2018-11-08T21:59:56Z,2018-11-08T21:59:56Z,cam | official trailer [hd] | netflix,True
402,402,UCWOA1ZGywLbqmigxE4Qlvuw,UAA6VUtPNzk,F*ck Love Too | Official Trailer | Netflix,2022-04-26T10:00:16Z,2022-04-26T10:00:16Z,f*ck love too | official trailer | netflix,True
404,404,UCWOA1ZGywLbqmigxE4Qlvuw,D4wJK4C_nZY,First Kill | Official Trailer | Netflix,2022-05-12T17:00:05Z,2022-05-12T17:00:05Z,first kill | official trailer | netflix,True
405,405,UCWOA1ZGywLbqmigxE4Qlvuw,cH4mYC91omg,Lust Stories | Official Trailer | Netflix,2018-05-18T11:00:06Z,2018-05-18T11:00:06Z,lust stories | official trailer | netflix,True
406,406,UCWOA1ZGywLbqmigxE4Qlvuw,xltjtd4Tx1A,How To Build a Sex Room | Official Trailer | Netflix,2022-06-23T14:00:29Z,2022-06-23T14:00:29Z,how to build a sex room | official trailer | netflix,True
