,channelId,videoId,videoTitle,publishTime,publishedAt
0,UCIrgJInjLS2BhlHOMDW7v0g,XIT1u0DxuRs,Elton John Live: Farewell from Dodger Stadium | Official Trailer | Disney+,2022-11-14T14:03:12Z,2022-11-14T14:03:12Z
1,UCIrgJInjLS2BhlHOMDW7v0g,fnn9zEQbqI0,If These Walls Could Sing | Official Trailer | Disney+,2022-11-14T19:00:07Z,2022-11-14T19:00:07Z
2,UCIrgJInjLS2BhlHOMDW7v0g,QOTKWuIlmh8,National Treasure: Edge Of History | Official Trailer | Disney+,2022-09-10T23:32:54Z,2022-09-10T23:32:54Z
3,UCIrgJInjLS2BhlHOMDW7v0g,6Of1wKwGVPo,The Santa Clauses | Official Trailer | Disney+,2022-10-27T16:03:37Z,2022-10-27T16:03:37Z
4,UCIrgJInjLS2BhlHOMDW7v0g,Y3gF6Duh_z0,Teaser | Percy Jackson and the Olympians | Disney+,2022-09-10T23:42:44Z,2022-09-10T23:42:44Z
5,UCIrgJInjLS2BhlHOMDW7v0g,L2GVrR8233E,Just Beyond | Official Trailer | Disney+,2021-09-30T16:00:04Z,2021-09-30T16:00:04Z
6,UCIrgJInjLS2BhlHOMDW7v0g,jcQhT_HZx8s,Soundtrack #1 | Official Trailer | Disney+,2022-10-19T18:00:18Z,2022-10-19T18:00:18Z
7,UCIrgJInjLS2BhlHOMDW7v0g,5vmaG3MUrYg,Sneakerella | Official Trailer | Disney+,2022-04-08T17:55:16Z,2022-04-08T17:55:16Z
8,UCIrgJInjLS2BhlHOMDW7v0g,QFwJJywzbDs,Ice Age: Scrat Tales | Official Trailer | Disney+,2022-03-29T15:00:20Z,2022-03-29T15:00:20Z
9,UCIrgJInjLS2BhlHOMDW7v0g,HJ6iehLtmtY,Mickey: The Story of a Mouse | Official Trailer | Disney+,2022-11-02T18:00:12Z,2022-11-02T18:00:12Z
10,UCIrgJInjLS2BhlHOMDW7v0g,9S9YDP9TLFU,The Mysterious Benedict Society season 2 | Official Trailer | Disney+,2022-10-07T19:00:02Z,2022-10-07T19:00:02Z
11,UCIrgJInjLS2BhlHOMDW7v0g,RKWQ2Pce74k,Happier Than Ever: A Love Letter to LA | Official Trailer | Disney+,2021-08-24T16:00:22Z,2021-08-24T16:00:22Z
12,UCIrgJInjLS2BhlHOMDW7v0g,ex09pE_fUf4,Teaser | The Santa Clauses | Disney+,2022-09-10T23:46:26Z,2022-09-10T23:46:26Z
13,UCIrgJInjLS2BhlHOMDW7v0g,C57EJhgQ8t0,Idina Menzel: Which Way to the Stage? | Official Trailer | Disney+,2022-11-09T17:00:56Z,2022-11-09T17:00:56Z
14,UCIrgJInjLS2BhlHOMDW7v0g,tFMQs50V1g8,Growing Up | Official Trailer | Disney+,2022-08-08T18:07:13Z,2022-08-08T18:07:13Z
15,UCIrgJInjLS2BhlHOMDW7v0g,DpZ3yZhsWZE,Black Beauty | Official Trailer | Disney+,2020-11-11T22:47:11Z,2020-11-11T22:47:11Z
16,UCIrgJInjLS2BhlHOMDW7v0g,MUpFzScK7P8,The Mysterious Benedict Society | Official Trailer | Disney+,2021-05-20T13:39:16Z,2021-05-20T13:39:16Z
17,UCIrgJInjLS2BhlHOMDW7v0g,G7ME74rRsnY,Big Shot Season 2 | Official Trailer | Disney+,2022-09-11T00:28:45Z,2022-09-11T00:28:45Z
18,UCIrgJInjLS2BhlHOMDW7v0g,79sHAvFiBt0,Playing with Sharks | Official Trailer | Disney+,2021-06-29T15:00:02Z,2021-06-29T15:00:02Z
19,UCIrgJInjLS2BhlHOMDW7v0g,OWEgUhWU4g4,Clouds l Official Trailer | Disney+,2020-09-10T01:10:56Z,2020-09-10T01:10:56Z
20,UCIrgJInjLS2BhlHOMDW7v0g,OGX8Jyjkj0o,The Quest | Official Trailer | Disney+,2022-04-02T19:00:45Z,2022-04-02T19:00:45Z
21,UCIrgJInjLS2BhlHOMDW7v0g,MgQUed4iEI8,Save Our Squad with David Beckham | Official Trailer | Disney+,2022-10-13T13:00:31Z,2022-10-13T13:00:31Z
22,UCIrgJInjLS2BhlHOMDW7v0g,INv-OQ1clmw,Tron | Unofficial Official Trailer | Disney+,2022-07-09T16:00:19Z,2022-07-09T16:00:19Z
23,UCIrgJInjLS2BhlHOMDW7v0g,mrDe05g1bLU,Best in Snow | Official Trailer | Disney+,2022-11-03T16:00:55Z,2022-11-03T16:00:55Z
24,UCIrgJInjLS2BhlHOMDW7v0g,VS3_UU-sWeM,Tierra Incógnita | Official Trailer | Disney+,2022-09-08T16:54:31Z,2022-09-08T16:54:31Z
25,UCIrgJInjLS2BhlHOMDW7v0g,YBCOVyYo6VA,The Biggest Little Farm: The Return | Official Trailer | Disney+,2022-04-08T14:59:37Z,2022-04-08T14:59:37Z
26,UCIrgJInjLS2BhlHOMDW7v0g,YM8zgY7sG_g,Big | Official Trailer | Disney+,2020-12-04T20:00:06Z,2020-12-04T20:00:06Z
27,UCIrgJInjLS2BhlHOMDW7v0g,GlYxLChVy_0,"Doogie Kamealoha, M.D. | Official Trailer | Disney+",2021-08-27T16:46:24Z,2021-08-27T16:46:24Z
28,UCIrgJInjLS2BhlHOMDW7v0g,ijsh5RVYnoY,Monsters at Work | Official Trailer | Disney+,2021-06-11T15:00:17Z,2021-06-11T15:00:17Z
29,UCIrgJInjLS2BhlHOMDW7v0g,vOTDb9UqTa0,On Pointe | Official Trailer | Disney+,2020-11-25T18:07:08Z,2020-11-25T18:07:08Z
30,UCIrgJInjLS2BhlHOMDW7v0g,vOTDb9UqTa0,On Pointe | Official Trailer | Disney+,2020-11-25T18:07:08Z,2020-11-25T18:07:08Z
31,UCIrgJInjLS2BhlHOMDW7v0g,Z6ET4N6Sfhs,Big Shot | Official Trailer | Disney+,2021-03-24T14:54:20Z,2021-03-24T14:54:20Z
32,UCIrgJInjLS2BhlHOMDW7v0g,tLrwPjLlOjM,Turner &amp; Hooch | Official Trailer | Disney+,2021-06-23T17:05:09Z,2021-06-23T17:05:09Z
33,UCIrgJInjLS2BhlHOMDW7v0g,SRDGQZHsiGg,Hip Hop Nutcracker | Official Trailer | Disney+,2022-11-03T16:00:48Z,2022-11-03T16:00:48Z
34,UCIrgJInjLS2BhlHOMDW7v0g,OD3UhmRy4lg,The Mighty Ducks: Game Changers | Official Trailer | Disney+,2021-02-24T19:35:03Z,2021-02-24T19:35:03Z
35,UCIrgJInjLS2BhlHOMDW7v0g,vOTDb9UqTa0,On Pointe | Official Trailer | Disney+,2020-11-25T18:07:08Z,2020-11-25T18:07:08Z
36,UCIrgJInjLS2BhlHOMDW7v0g,GlYxLChVy_0,"Doogie Kamealoha, M.D. | Official Trailer | Disney+",2021-08-27T16:46:24Z,2021-08-27T16:46:24Z
37,UCIrgJInjLS2BhlHOMDW7v0g,OD3UhmRy4lg,The Mighty Ducks: Game Changers | Official Trailer | Disney+,2021-02-24T19:35:03Z,2021-02-24T19:35:03Z
38,UCIrgJInjLS2BhlHOMDW7v0g,EGsoC0bWakU,Zombies 3 | Official Trailer | Disney+,2022-06-23T16:00:04Z,2022-06-23T16:00:04Z
39,UCIrgJInjLS2BhlHOMDW7v0g,qNlrmBWY25Q,The Proud Family: Louder and Prouder | Official Trailer | Disney+,2022-01-14T17:02:24Z,2022-01-14T17:02:24Z
40,UCIrgJInjLS2BhlHOMDW7v0g,-VVHUq4tOzg,OLIVIA RODRIGO: driving home 2 u (a SOUR film) | Official Trailer | Disney+,2022-03-17T16:08:42Z,2022-03-17T16:08:42Z
41,UCIrgJInjLS2BhlHOMDW7v0g,S1JmLvFWi0w,Earth to Ned | Official Trailer | Disney+,2020-08-17T14:23:34Z,2020-08-17T14:23:34Z
42,UCIrgJInjLS2BhlHOMDW7v0g,sq-O1AQq6c4,Teaser | Los Montaner | Disney+,2022-05-13T17:05:35Z,2022-05-13T17:05:35Z
43,UCIrgJInjLS2BhlHOMDW7v0g,_jgYEYERYFQ,32 Seasons | The Simpsons | Disney+,2021-09-10T17:00:31Z,2021-09-10T17:00:31Z
44,UCIrgJInjLS2BhlHOMDW7v0g,BmYhYPNbhtw,Inside Pixar | Official Trailer | Disney+,2020-11-11T18:10:02Z,2020-11-11T18:10:02Z
45,UCIrgJInjLS2BhlHOMDW7v0g,0FKJNcV9Ym4,The Black Hole | Unofficial Official Trailer | Disney+,2020-10-28T00:42:55Z,2020-10-28T00:42:55Z
46,UCIrgJInjLS2BhlHOMDW7v0g,D7HrBvBJR-c,Tudo Igual... SQN | Official Trailer | Disney+,2022-07-20T22:45:50Z,2022-07-20T22:45:50Z
47,UCIrgJInjLS2BhlHOMDW7v0g,A1VBzSlg4HA,Behind-the-Scenes Featurette | National Treasure: Edge of History | Disney+,2022-07-21T22:39:28Z,2022-07-21T22:39:28Z
48,UCIrgJInjLS2BhlHOMDW7v0g,sq-O1AQq6c4,Teaser | Los Montaner | Disney+,2022-05-13T17:05:35Z,2022-05-13T17:05:35Z
49,UCIrgJInjLS2BhlHOMDW7v0g,lFzVJEksoDY,The Lion King | Original Trailer | Disney+,2019-11-08T17:00:10Z,2019-11-08T17:00:10Z
50,UCIrgJInjLS2BhlHOMDW7v0g,SwAF6sYb94s,FAUCI | Official Trailer | Disney+,2021-10-04T13:05:03Z,2021-10-04T13:05:03Z
51,UCIrgJInjLS2BhlHOMDW7v0g,qNlrmBWY25Q,The Proud Family: Louder and Prouder | Official Trailer | Disney+,2022-01-14T17:02:24Z,2022-01-14T17:02:24Z
52,UCIrgJInjLS2BhlHOMDW7v0g,1gvcNY5ywqw,Among the Stars | Official Trailer | Disney+,2021-09-15T00:13:31Z,2021-09-15T00:13:31Z
53,UCIrgJInjLS2BhlHOMDW7v0g,ocYDDO_04lQ,The Wonderful Autumn of Mickey Mouse | Official Trailer | Disney+,2022-10-12T16:00:17Z,2022-10-12T16:00:17Z
54,UCIrgJInjLS2BhlHOMDW7v0g,E0JxDffw9J8,BTS: PERMISSION TO DANCE ON STAGE – LA | Official Trailer | Disney+,2022-09-08T07:23:33Z,2022-09-08T07:23:33Z
55,UCIrgJInjLS2BhlHOMDW7v0g,_1PSRHVtmIo,Trevor: The Musical | Official Trailer | Disney+,2022-06-01T15:01:10Z,2022-06-01T15:01:10Z
56,UCIrgJInjLS2BhlHOMDW7v0g,qc4pXgZHSB8,HSMTMTS Season 3 | Official Trailer | Disney+,2022-06-29T16:29:27Z,2022-06-29T16:29:27Z
57,UCIrgJInjLS2BhlHOMDW7v0g,gh0KJImjkqc,X-Men: The Animated Series | Unofficial Official Trailer | Disney+,2020-10-28T00:43:37Z,2020-10-28T00:43:37Z
58,UCIrgJInjLS2BhlHOMDW7v0g,Aofd2grKYCs,Disney+ “This Is Me” Pride Celebration Spectacular | Official Trailer | Disney+,2021-06-25T22:54:02Z,2021-06-25T22:54:02Z
59,UCIrgJInjLS2BhlHOMDW7v0g,P7zW53OuvMg,Start Streaming Now | Disney+,2019-08-23T22:52:46Z,2019-08-23T22:52:46Z
60,UCIrgJInjLS2BhlHOMDW7v0g,OB0LMEINdrE,The Proud Family: Louder and Prouder Season 2 | Official Trailer | Disney+,2022-09-10T23:51:43Z,2022-09-10T23:51:43Z
61,UCIrgJInjLS2BhlHOMDW7v0g,PAnhkop5UqM,Celebrating Two Years | Disney+ Day | Disney+,2021-11-02T14:03:46Z,2021-11-02T14:03:46Z
62,UCIrgJInjLS2BhlHOMDW7v0g,ZpkRgaXNGyo,Stuntman | Official Trailer | Disney+,2021-07-16T14:00:08Z,2021-07-16T14:00:08Z
63,UCIrgJInjLS2BhlHOMDW7v0g,mj93w1BBqHU,OLIVIA RODRIGO: driving home 2 u (a SOUR film) | Teaser Trailer | Disney+,2022-02-17T17:12:06Z,2022-02-17T17:12:06Z
64,UCIrgJInjLS2BhlHOMDW7v0g,LlMEyZJKxbQ,Secrets of Sulphur Springs | Disney+,2021-02-19T16:00:17Z,2021-02-19T16:00:17Z
65,UCIrgJInjLS2BhlHOMDW7v0g,-lnw6DFZTYo,The Wonderful World of Mickey Mouse | Official Trailer | Disney+,2020-11-11T00:00:06Z,2020-11-11T00:00:06Z
66,UCIrgJInjLS2BhlHOMDW7v0g,RSoaXVMwN_I,Disney+ Day Is Coming | Disney+,2021-10-18T19:00:05Z,2021-10-18T19:00:05Z
67,UCIrgJInjLS2BhlHOMDW7v0g,c0GqYR5J4tg,Teaser | Mickey: The Story of a Mouse | Disney+,2022-09-11T17:42:15Z,2022-09-11T17:42:15Z
68,UCIrgJInjLS2BhlHOMDW7v0g,IPNmW1Mug-4,Mija | Official Trailer | Disney+,2022-08-19T19:01:47Z,2022-08-19T19:01:47Z
69,UCIrgJInjLS2BhlHOMDW7v0g,xDlGkFoj1TY,Wolfgang | Official Trailer | Disney+,2021-06-08T17:00:38Z,2021-06-08T17:00:38Z
70,UCIrgJInjLS2BhlHOMDW7v0g,Pi-dyFk5pgo,IN THE SOOP : Friendcation | Official Trailer | Disney+,2022-10-05T13:00:48Z,2022-10-05T13:00:48Z
71,UCIrgJInjLS2BhlHOMDW7v0g,4j_LiHNf2KQ,Our Family Plus Yours | Disney+ Day | Disney+,2022-09-01T18:00:02Z,2022-09-01T18:00:02Z
72,UCIrgJInjLS2BhlHOMDW7v0g,-vLqc0pxw1w,Happier Than Ever: A Love Letter to Los Angeles | Official Teaser | Disney+,2021-07-22T14:03:51Z,2021-07-22T14:03:51Z
73,UCIrgJInjLS2BhlHOMDW7v0g,E0JxDffw9J8,BTS: PERMISSION TO DANCE ON STAGE – LA | Official Trailer | Disney+,2022-09-08T07:23:33Z,2022-09-08T07:23:33Z
74,UCIrgJInjLS2BhlHOMDW7v0g,2kpL73mLdgA,Original Theme Song | Dinosaurs | Disney+,2021-01-29T23:45:01Z,2021-01-29T23:45:01Z
75,UCIrgJInjLS2BhlHOMDW7v0g,c0GqYR5J4tg,Teaser | Mickey: The Story of a Mouse | Disney+,2022-09-11T17:42:15Z,2022-09-11T17:42:15Z
76,UCIrgJInjLS2BhlHOMDW7v0g,EtyHX7z8fi8,TRON | Original Trailer | Disney+,2019-11-08T16:00:04Z,2019-11-08T16:00:04Z
77,UCIrgJInjLS2BhlHOMDW7v0g,nswae1s320k,Escape to Witch Mountain | Unofficial Official Trailer | Disney+,2020-10-28T00:42:59Z,2020-10-28T00:42:59Z
78,UCIrgJInjLS2BhlHOMDW7v0g,LadNPK_uxm4,Sneak Peek | Monsters At Work | Disney+,2021-05-18T15:41:16Z,2021-05-18T15:41:16Z
79,UCIrgJInjLS2BhlHOMDW7v0g,aFM9clctbX4,&quot;We’re All Connected” | Disney+,2019-09-24T05:00:23Z,2019-09-24T05:00:23Z
80,UCIrgJInjLS2BhlHOMDW7v0g,aFM9clctbX4,&quot;We’re All Connected” | Disney+,2019-09-24T05:00:23Z,2019-09-24T05:00:23Z
81,UCIrgJInjLS2BhlHOMDW7v0g,Ptlg57Ilpso,It’s A Dog’s Life | Official Trailer | Disney+,2020-04-24T17:08:43Z,2020-04-24T17:08:43Z
82,UCIrgJInjLS2BhlHOMDW7v0g,32g-9Jbwlc4,The Computer Wore Tennis Shoes | Unofficial Official Trailer | Disney+,2020-10-28T00:42:50Z,2020-10-28T00:42:50Z
83,UCIrgJInjLS2BhlHOMDW7v0g,ADlaBg709FA,Groot&#39;s Holiday List | Disney+,2020-12-12T01:53:52Z,2020-12-12T01:53:52Z
84,UCIrgJInjLS2BhlHOMDW7v0g,temM5y6ZytM,Coming in 2022 | Disney+,2021-12-16T17:44:46Z,2021-12-16T17:44:46Z
85,UCIrgJInjLS2BhlHOMDW7v0g,P1_KHFbCzIY,A Celebration of the Music from Coco | Official Trailer | Disney+,2020-03-18T14:53:53Z,2020-03-18T14:53:53Z
86,UCIrgJInjLS2BhlHOMDW7v0g,-vLqc0pxw1w,Happier Than Ever: A Love Letter to Los Angeles | Official Teaser | Disney+,2021-07-22T14:03:51Z,2021-07-22T14:03:51Z
87,UCIrgJInjLS2BhlHOMDW7v0g,W-BW0a3tNHA,Diary of a Future President Season 2 | Official Trailer | Disney+,2021-08-05T16:00:08Z,2021-08-05T16:00:08Z
88,UCIrgJInjLS2BhlHOMDW7v0g,xa5-32KLFRE,Diary of a Future President | Official Trailer #2 | Disney+,2020-01-16T23:14:19Z,2020-01-16T23:14:19Z
89,UCIrgJInjLS2BhlHOMDW7v0g,iv3yDQ83Jcc,The Cat from Outer Space | Unofficial Official Trailer | Disney+,2020-10-28T00:42:43Z,2020-10-28T00:42:43Z
90,UCIrgJInjLS2BhlHOMDW7v0g,3oPz4h3eeYs,"Marvel&#39;s Daredevil, Charlie Cox | What&#39;s Up, Disney+",2022-04-25T16:52:30Z,2022-04-25T16:52:30Z
91,UCIrgJInjLS2BhlHOMDW7v0g,gn3gK27HIsw,The Love Bug | Unofficial Official Trailer | Disney+,2020-10-28T00:43:02Z,2020-10-28T00:43:02Z
92,UCIrgJInjLS2BhlHOMDW7v0g,BnpTgHVmH_0,Becoming | Official Trailer | Disney+,2020-08-18T13:41:40Z,2020-08-18T13:41:40Z
93,UCIrgJInjLS2BhlHOMDW7v0g,qFn9Tmjj-hY,The Shaggy D.A. | Unofficial Official Trailer | Disney+,2020-10-28T00:43:32Z,2020-10-28T00:43:32Z
94,UCIrgJInjLS2BhlHOMDW7v0g,vSQlhGNlESE,Back in Action | Disney+ Day | Disney+,2022-09-06T16:00:27Z,2022-09-06T16:00:27Z
95,UCIrgJInjLS2BhlHOMDW7v0g,HLdY__1EKic,Chip &#39;n&#39; Dale: Park Life | Official Trailer | Disney+,2021-07-20T16:12:16Z,2021-07-20T16:12:16Z
96,UCIrgJInjLS2BhlHOMDW7v0g,uwEf0JKIFOc,The Quest | Teaser Trailer | Disney+,2022-04-02T19:00:58Z,2022-04-02T19:00:58Z
97,UCIrgJInjLS2BhlHOMDW7v0g,YrdjmuREFrc,Say It With Pride: Disney+ Celebrates Pride 365 | Official Trailer | Disney+,2022-06-23T14:10:08Z,2022-06-23T14:10:08Z
98,UCIrgJInjLS2BhlHOMDW7v0g,Bj5QhU_Rb2M,Nothing’s Hotter Than Summer | HSMTMTS Season 3 | Disney+,2022-07-21T18:00:01Z,2022-07-21T18:00:01Z
99,UCIrgJInjLS2BhlHOMDW7v0g,tl97ugaAxsg,Coming Soon 2020 | Disney+,2020-09-16T17:07:43Z,2020-09-16T17:07:43Z
100,UCIrgJInjLS2BhlHOMDW7v0g,N0XAFvE1a4M,The Worst Farmer Ever | The Wonderful Autumn of Mickey Mouse | Disney+,2022-11-16T18:01:08Z,2022-11-16T18:01:08Z
101,UCIrgJInjLS2BhlHOMDW7v0g,vSQlhGNlESE,Back in Action | Disney+ Day | Disney+,2022-09-06T16:00:27Z,2022-09-06T16:00:27Z
102,UCIrgJInjLS2BhlHOMDW7v0g,Bj5QhU_Rb2M,Nothing’s Hotter Than Summer | HSMTMTS Season 3 | Disney+,2022-07-21T18:00:01Z,2022-07-21T18:00:01Z
103,UCIrgJInjLS2BhlHOMDW7v0g,4pdtZC0e8MM,Encore! | Official Trailer #2 | Disney+,2019-10-28T18:00:00Z,2019-10-28T18:00:00Z
104,UCIrgJInjLS2BhlHOMDW7v0g,-vLqc0pxw1w,Happier Than Ever: A Love Letter to Los Angeles | Official Teaser | Disney+,2021-07-22T14:03:51Z,2021-07-22T14:03:51Z
105,UCIrgJInjLS2BhlHOMDW7v0g,4j_LiHNf2KQ,Our Family Plus Yours | Disney+ Day | Disney+,2022-09-01T18:00:02Z,2022-09-01T18:00:02Z
106,UCIrgJInjLS2BhlHOMDW7v0g,2kpL73mLdgA,Original Theme Song | Dinosaurs | Disney+,2021-01-29T23:45:01Z,2021-01-29T23:45:01Z
107,UCIrgJInjLS2BhlHOMDW7v0g,9u5dmultKLw,Showtime | The Muppet Show | Disney+,2021-02-19T14:00:02Z,2021-02-19T14:00:02Z
108,UCIrgJInjLS2BhlHOMDW7v0g,CxwTLktovTU,Toy Story | Original Trailer | Disney+,2019-11-08T18:00:03Z,2019-11-08T18:00:03Z
109,UCIrgJInjLS2BhlHOMDW7v0g,CDRAUe-0JoE,Rules Are Rules | Just Beyond | Disney+,2021-10-13T16:00:02Z,2021-10-13T16:00:02Z
110,UCIrgJInjLS2BhlHOMDW7v0g,CxwTLktovTU,Toy Story | Original Trailer | Disney+,2019-11-08T18:00:03Z,2019-11-08T18:00:03Z
111,UCIrgJInjLS2BhlHOMDW7v0g,Aacz4pPqndk,Home Alone Special Look | Disney+,2020-11-14T02:23:54Z,2020-11-14T02:23:54Z
112,UCIrgJInjLS2BhlHOMDW7v0g,wTwxMoWNa4Y,&quot;Impossible&quot; Clip | Rodgers &amp; Hammerstein&#39;s Cinderella | Disney+,2021-02-27T18:00:23Z,2021-02-27T18:00:23Z
113,UCIrgJInjLS2BhlHOMDW7v0g,ovPsWBjIcuk,Summer of Disney+ | Disney+,2021-06-03T13:00:31Z,2021-06-03T13:00:31Z
114,UCIrgJInjLS2BhlHOMDW7v0g,rVTD-LtpW0M,TaleSpin - Theme Song | Disney+ Throwbacks | Disney+,2020-04-28T19:00:16Z,2020-04-28T19:00:16Z
115,UCIrgJInjLS2BhlHOMDW7v0g,mDLjd9CRLqs,Get Ready | Disney+ Day | Disney+,2022-09-04T16:00:32Z,2022-09-04T16:00:32Z
116,UCIrgJInjLS2BhlHOMDW7v0g,HP_KYx87g6E,It&#39;s Coming | Disney+ Day | Disney+,2022-08-22T12:00:09Z,2022-08-22T12:00:09Z
117,UCIrgJInjLS2BhlHOMDW7v0g,Ice4Qzp9_fo,The Streaming Home of Marvel | Disney+,2022-03-16T14:00:33Z,2022-03-16T14:00:33Z
118,UCIrgJInjLS2BhlHOMDW7v0g,5j0jtb7yR5o,No Ordinary Love Story | Snowdrop | Disney+,2022-02-17T23:35:23Z,2022-02-17T23:35:23Z
119,UCIrgJInjLS2BhlHOMDW7v0g,5Ku6GTKB2OU,Disney+: Bridging the Gap | Trailer | Disney+ YouTube,2022-01-18T19:04:27Z,2022-01-18T19:04:27Z
120,UCIrgJInjLS2BhlHOMDW7v0g,hz6stWWu6XI,Diary of a Future President | Official Trailer | Disney+,2020-01-06T22:31:02Z,2020-01-06T22:31:02Z
121,UCIrgJInjLS2BhlHOMDW7v0g,5Y-X1Uz4NgU,Kim Possible - Theme Song | Disney+ Throwbacks | Disney+,2020-04-28T16:00:04Z,2020-04-28T16:00:04Z
122,UCIrgJInjLS2BhlHOMDW7v0g,4pdtZC0e8MM,Encore! | Official Trailer #2 | Disney+,2019-10-28T18:00:00Z,2019-10-28T18:00:00Z
123,UCIrgJInjLS2BhlHOMDW7v0g,Ahu3shMjKxE,Short Circuit | Official Trailer | Disney+,2020-01-24T21:19:28Z,2020-01-24T21:19:28Z
124,UCIrgJInjLS2BhlHOMDW7v0g,-a2aZdbzaag,“Picked Last” Official Clip | Save Our Squad with David Beckham | Disney+,2022-10-28T15:00:00Z,2022-10-28T15:00:00Z
125,UCIrgJInjLS2BhlHOMDW7v0g,s_zMV5Us5P4,Disney+ Summer Movie Nights | Disney+,2020-06-29T20:14:12Z,2020-06-29T20:14:12Z
126,UCIrgJInjLS2BhlHOMDW7v0g,05CFtFdwGr0,In Production Featurette | American Born Chinese | Disney+,2022-09-10T23:25:57Z,2022-09-10T23:25:57Z
127,UCIrgJInjLS2BhlHOMDW7v0g,Qo_-5vzrGJ8,Met Gala Featurette | American Born Chinese | Disney+,2022-05-19T23:00:12Z,2022-05-19T23:00:12Z
128,UCIrgJInjLS2BhlHOMDW7v0g,m0FRDaHnITI,Basically Everything Coming to Disney+ in the U.S. | Start Streaming Now,2019-10-14T16:17:29Z,2019-10-14T16:17:29Z
129,UCIrgJInjLS2BhlHOMDW7v0g,VgR3DLLm_j4,Encore! | Official Trailer | Disney+,2019-08-24T00:36:41Z,2019-08-24T00:36:41Z
130,UCIrgJInjLS2BhlHOMDW7v0g,krv321vG4og,The Making of Happier Than Ever: A Love Letter to Los Angeles | Official Trailer | Disney+,2021-11-10T00:14:48Z,2021-11-10T00:14:48Z
131,UCIrgJInjLS2BhlHOMDW7v0g,fZWoS5vW8J8,Shop Class | Official Trailer | Disney+,2020-02-06T19:15:46Z,2020-02-06T19:15:46Z
132,UCIrgJInjLS2BhlHOMDW7v0g,-ymJFF2JZfA,Music Featurette | The Proud Family: Louder and Prouder | Disney+,2022-01-14T17:03:50Z,2022-01-14T17:03:50Z
133,UCIrgJInjLS2BhlHOMDW7v0g,rV2UYw1ixRA,The World According to Jeff Goldblum | Official Trailer #2 | Disney+,2019-10-28T17:00:06Z,2019-10-28T17:00:06Z
134,UCIrgJInjLS2BhlHOMDW7v0g,sLoSmXtkXl0,Date Announce | The Mighty Ducks: Game Changers | Disney+,2021-01-28T17:09:00Z,2021-01-28T17:09:00Z
135,UCIrgJInjLS2BhlHOMDW7v0g,pYr2shJhO2Y,Pentatonix: Around the World for the Holidays | Official Trailer | Disney+,2022-11-03T16:00:35Z,2022-11-03T16:00:35Z
136,UCIrgJInjLS2BhlHOMDW7v0g,oqZ3fq-hYxo,Turning the Tables with Robin Roberts | Official Trailer | Disney+,2021-06-21T13:05:05Z,2021-06-21T13:05:05Z
137,UCIrgJInjLS2BhlHOMDW7v0g,cHDWDM9XLwE,Meet the Second-Born Royals | Secret Society of Second-Born Royals | Disney+,2020-08-25T17:10:39Z,2020-08-25T17:10:39Z
138,UCIrgJInjLS2BhlHOMDW7v0g,WluwGWAyfqU,Disney’s Launchpad | Official Trailer | Disney+,2021-04-14T19:00:14Z,2021-04-14T19:00:14Z
139,UCIrgJInjLS2BhlHOMDW7v0g,vW6AYR475_8,The Orville: New Horizons | Disney+,2022-10-12T21:55:06Z,2022-10-12T21:55:06Z
140,UCIrgJInjLS2BhlHOMDW7v0g,mDLjd9CRLqs,Get Ready | Disney+ Day | Disney+,2022-09-04T16:00:32Z,2022-09-04T16:00:32Z
141,UCIrgJInjLS2BhlHOMDW7v0g,HP_KYx87g6E,It&#39;s Coming | Disney+ Day | Disney+,2022-08-22T12:00:09Z,2022-08-22T12:00:09Z
142,UCIrgJInjLS2BhlHOMDW7v0g,Ice4Qzp9_fo,The Streaming Home of Marvel | Disney+,2022-03-16T14:00:33Z,2022-03-16T14:00:33Z
143,UCIrgJInjLS2BhlHOMDW7v0g,5j0jtb7yR5o,No Ordinary Love Story | Snowdrop | Disney+,2022-02-17T23:35:23Z,2022-02-17T23:35:23Z
144,UCIrgJInjLS2BhlHOMDW7v0g,5Ku6GTKB2OU,Disney+: Bridging the Gap | Trailer | Disney+ YouTube,2022-01-18T19:04:27Z,2022-01-18T19:04:27Z
145,UCIrgJInjLS2BhlHOMDW7v0g,05CFtFdwGr0,In Production Featurette | American Born Chinese | Disney+,2022-09-10T23:25:57Z,2022-09-10T23:25:57Z
146,UCIrgJInjLS2BhlHOMDW7v0g,peujAH2szpI,Avatar | Disney+,2019-11-01T17:11:44Z,2019-11-01T17:11:44Z
147,UCIrgJInjLS2BhlHOMDW7v0g,Nhs_l2N3vSA,Save Our Squad with David Beckham | Teaser | Disney+,2022-09-22T13:00:14Z,2022-09-22T13:00:14Z
148,UCIrgJInjLS2BhlHOMDW7v0g,SCBJJG_Ncl0,Star Wars: A New Hope | All the Facts | Disney+ Deets,2021-05-03T16:00:12Z,2021-05-03T16:00:12Z
149,UCIrgJInjLS2BhlHOMDW7v0g,N0XAFvE1a4M,The Worst Farmer Ever | The Wonderful Autumn of Mickey Mouse | Disney+,2022-11-16T18:01:08Z,2022-11-16T18:01:08Z
150,UCIrgJInjLS2BhlHOMDW7v0g,oRQckLs_0ro,Get Your Stream on With The Disney Bundle | Disney+ | Hulu | ESPN+,2021-02-08T02:50:33Z,2021-02-08T02:50:33Z
151,UCIrgJInjLS2BhlHOMDW7v0g,xFqbY96Wvp4,Meet The Ambivalent Man | Disney+ Day | Disney+,2022-08-22T23:08:32Z,2022-08-22T23:08:32Z
152,UCIrgJInjLS2BhlHOMDW7v0g,AIikiA02GbY,Harmonious Live! | Teaser | Disney+,2022-06-15T13:00:06Z,2022-06-15T13:00:06Z
153,UCIrgJInjLS2BhlHOMDW7v0g,5zaQgbACc1E,Original Theme Song | The Muppet Show | Disney+,2021-01-19T14:00:01Z,2021-01-19T14:00:01Z
154,UCIrgJInjLS2BhlHOMDW7v0g,K_PcaDs-tEc,"Official Clip | The Simpsons: The Good, The Bart, and the Loki | Disney+",2021-07-07T15:49:50Z,2021-07-07T15:49:50Z
155,UCIrgJInjLS2BhlHOMDW7v0g,xFqbY96Wvp4,Meet The Ambivalent Man | Disney+ Day | Disney+,2022-08-22T23:08:32Z,2022-08-22T23:08:32Z
156,UCIrgJInjLS2BhlHOMDW7v0g,AIikiA02GbY,Harmonious Live! | Teaser | Disney+,2022-06-15T13:00:06Z,2022-06-15T13:00:06Z
157,UCIrgJInjLS2BhlHOMDW7v0g,_H0_tRaW5S4,Disney+ GOATs... Assemble | Disney+,2022-02-16T20:29:28Z,2022-02-16T20:29:28Z
158,UCIrgJInjLS2BhlHOMDW7v0g,g_LViqAVhE4,Next On Disney+ | July 2022,2022-07-01T16:00:19Z,2022-07-01T16:00:19Z
159,UCIrgJInjLS2BhlHOMDW7v0g,yY_gaKfPcY4,The Best Disney References | The Simpsons | Disney+,2020-01-17T20:43:05Z,2020-01-17T20:43:05Z
160,UCIrgJInjLS2BhlHOMDW7v0g,oaui07WeKN0,Sneaker Psychic &amp; King6 Unboxing | Sneakerella | Disney+,2022-05-24T20:48:28Z,2022-05-24T20:48:28Z
161,UCIrgJInjLS2BhlHOMDW7v0g,TqrWG7SQPXE,Two-Episode Premiere on June 25 | The Mysterious Benedict Society | Disney+,2021-06-21T15:01:12Z,2021-06-21T15:01:12Z
162,UCIrgJInjLS2BhlHOMDW7v0g,6r0b3CpE75k,Gather &#39;Round | Season&#39;s Streamings | Disney+,2022-11-16T16:00:05Z,2022-11-16T16:00:05Z
163,UCIrgJInjLS2BhlHOMDW7v0g,PovBR0g9rO4,Next On Disney+ | September 2022,2022-09-01T16:28:07Z,2022-09-01T16:28:07Z
164,UCIrgJInjLS2BhlHOMDW7v0g,gjSyscLfyl0,Sneakerpeek | Sneakerella | Disney+,2022-05-13T16:30:06Z,2022-05-13T16:30:06Z
165,UCIrgJInjLS2BhlHOMDW7v0g,MKPz81rT4RE,The Proud Family - Theme Song | Disney+ Throwbacks | Disney+,2020-04-28T15:00:10Z,2020-04-28T15:00:10Z
166,UCIrgJInjLS2BhlHOMDW7v0g,Nhs_l2N3vSA,Save Our Squad with David Beckham | Teaser | Disney+,2022-09-22T13:00:14Z,2022-09-22T13:00:14Z
167,UCIrgJInjLS2BhlHOMDW7v0g,yYZH7B498gE,Adventures of the Gummi Bears - Theme Song | Disney+ Throwbacks | Disney+,2020-04-28T18:00:19Z,2020-04-28T18:00:19Z
168,UCIrgJInjLS2BhlHOMDW7v0g,gjSyscLfyl0,Sneakerpeek | Sneakerella | Disney+,2022-05-13T16:30:06Z,2022-05-13T16:30:06Z
169,UCIrgJInjLS2BhlHOMDW7v0g,wjitmyeLsUo,Next On Disney+ | October 2022,2022-10-01T16:00:28Z,2022-10-01T16:00:28Z
170,UCIrgJInjLS2BhlHOMDW7v0g,MKPz81rT4RE,The Proud Family - Theme Song | Disney+ Throwbacks | Disney+,2020-04-28T15:00:10Z,2020-04-28T15:00:10Z
171,UCIrgJInjLS2BhlHOMDW7v0g,yYZH7B498gE,Adventures of the Gummi Bears - Theme Song | Disney+ Throwbacks | Disney+,2020-04-28T18:00:19Z,2020-04-28T18:00:19Z
172,UCIrgJInjLS2BhlHOMDW7v0g,MjhMy0tGEG8,Next On Disney+ | June 2022,2022-06-01T19:46:03Z,2022-06-01T19:46:03Z
173,UCIrgJInjLS2BhlHOMDW7v0g,Ri2e7LN6pFM,Sister Act | All the Facts | Disney+ Deets,2021-05-29T16:00:11Z,2021-05-29T16:00:11Z
174,UCIrgJInjLS2BhlHOMDW7v0g,cGuxZCbniJU,First Look | Disney Insider | Disney+,2020-03-12T16:05:48Z,2020-03-12T16:05:48Z
175,UCIrgJInjLS2BhlHOMDW7v0g,x5AmLteXRnc,The Future Is Bright | Disney+ Day | Disney+,2021-11-12T22:19:52Z,2021-11-12T22:19:52Z
176,UCIrgJInjLS2BhlHOMDW7v0g,nfOAN1leakE,Legacy of Thor | Disney+,2022-09-08T22:30:07Z,2022-09-08T22:30:07Z
177,UCIrgJInjLS2BhlHOMDW7v0g,2ETwB-JzHqQ,LEGO Star Wars Summer Vacation | Booth to Beach | Disney+,2022-08-10T16:00:02Z,2022-08-10T16:00:02Z
178,UCIrgJInjLS2BhlHOMDW7v0g,PnJY20UCH9c,What Else Can I Do? | Encanto | Disney+,2021-12-13T21:54:56Z,2021-12-13T21:54:56Z
179,UCIrgJInjLS2BhlHOMDW7v0g,f8NCOKWXnbQ,James Cameron Sneak Peek | Secrets of the Whales | Disney+,2021-04-20T17:49:08Z,2021-04-20T17:49:08Z
180,UCIrgJInjLS2BhlHOMDW7v0g,rbLZxdxdxKg,Season&#39;s Streamings | Disney+,2020-11-17T18:00:08Z,2020-11-17T18:00:08Z
181,UCIrgJInjLS2BhlHOMDW7v0g,lv-QF7vtJf0,&#39;Tis The Season | Season&#39;s Streamings | Disney+,2022-11-03T16:01:32Z,2022-11-03T16:01:32Z
182,UCIrgJInjLS2BhlHOMDW7v0g,bjjXPpC-z-Y,One Place Always Feels Like Home | Disney+,2022-11-11T17:00:08Z,2022-11-11T17:00:08Z
183,UCIrgJInjLS2BhlHOMDW7v0g,IS1fcVKNrnc,Next On Disney+ | August 2022,2022-08-03T16:55:59Z,2022-08-03T16:55:59Z
184,UCIrgJInjLS2BhlHOMDW7v0g,NXalJDIzCfg,"Ducks, Pucks, and Disney+ Featurette | The Mighty Ducks: Game Changers Season 2 | Disney+",2022-11-15T21:34:41Z,2022-11-15T21:34:41Z
185,UCIrgJInjLS2BhlHOMDW7v0g,s2AFoVRKI_Q,Streaming This November | Disney+,2022-11-04T16:32:45Z,2022-11-04T16:32:45Z
186,UCIrgJInjLS2BhlHOMDW7v0g,spVswKXvAVY,Seth MacFarlane Announcement | The Orville | Disney+,2022-07-23T22:41:43Z,2022-07-23T22:41:43Z
187,UCIrgJInjLS2BhlHOMDW7v0g,3yEkP6RdPHg,Streaming This Earth Day | Disney+,2022-04-18T23:37:16Z,2022-04-18T23:37:16Z
188,UCIrgJInjLS2BhlHOMDW7v0g,lQP4bk1uGXM,What&#39;s Coming in 2020 | Disney+,2020-01-01T14:42:22Z,2020-01-01T14:42:22Z
189,UCIrgJInjLS2BhlHOMDW7v0g,czhPZUb1v4U,Clouds: A Musical Celebration | Clouds | Disney+,2020-10-26T22:41:46Z,2020-10-26T22:41:46Z
190,UCIrgJInjLS2BhlHOMDW7v0g,CaASPNv0s6A,Streaming This May | Disney+,2022-05-10T16:43:21Z,2022-05-10T16:43:21Z
191,UCIrgJInjLS2BhlHOMDW7v0g,iqdXdo_Ptg8,Nutty Love | Ice Age: Scrat Tales | Disney+,2022-04-05T19:00:11Z,2022-04-05T19:00:11Z
192,UCIrgJInjLS2BhlHOMDW7v0g,pguFqvaknlM,Gift | Ice Age: Scrat Tales | Disney+,2022-04-12T00:09:27Z,2022-04-12T00:09:27Z
193,UCIrgJInjLS2BhlHOMDW7v0g,Euh_KvAh8WA,Now Streaming | Marvel Studios&#39; Legends | Disney+,2022-11-04T21:30:03Z,2022-11-04T21:30:03Z
194,UCIrgJInjLS2BhlHOMDW7v0g,KruPsq5YWFk,Hallowstream | Disney+,2022-09-30T15:00:44Z,2022-09-30T15:00:44Z
195,UCIrgJInjLS2BhlHOMDW7v0g,hpvAy-7NCMc,Our Story Has Just Begun | Disney+,2020-11-11T01:08:25Z,2020-11-11T01:08:25Z
196,UCIrgJInjLS2BhlHOMDW7v0g,spVswKXvAVY,Seth MacFarlane Announcement | The Orville | Disney+,2022-07-23T22:41:43Z,2022-07-23T22:41:43Z
197,UCIrgJInjLS2BhlHOMDW7v0g,UYo5flNwExg,Featurette | The Proud Family: Louder and Prouder | Disney+,2021-09-15T13:00:40Z,2021-09-15T13:00:40Z
198,UCIrgJInjLS2BhlHOMDW7v0g,8ZxUiFyMkOY,Exciting Announcements From Disney+ Day | Disney+ Day | Disney+,2021-11-17T00:00:19Z,2021-11-17T00:00:19Z
199,UCIrgJInjLS2BhlHOMDW7v0g,OZ_O1NDSA4U,Screaming Soon | Disney+ Hallowstream,2021-09-08T13:00:39Z,2021-09-08T13:00:39Z
200,UCIrgJInjLS2BhlHOMDW7v0g,S7oTwaqMkKE,Twilight Bark Across Disney+,2021-08-26T16:00:29Z,2021-08-26T16:00:29Z
201,UCIrgJInjLS2BhlHOMDW7v0g,t8Lqc7TKg6Y,Share the Love | Disney+,2022-02-07T20:00:12Z,2022-02-07T20:00:12Z
202,UCIrgJInjLS2BhlHOMDW7v0g,9pzkuPzOFSo,First Look | The Big Fib | Disney+,2020-05-15T20:06:02Z,2020-05-15T20:06:02Z
203,UCIrgJInjLS2BhlHOMDW7v0g,-RPfJ8px7YE,A New Beginning - The Stories Continue | Disney+,2021-04-23T17:07:45Z,2021-04-23T17:07:45Z
204,UCIrgJInjLS2BhlHOMDW7v0g,gd2QbJ5PjIs,Happy Valentine&#39;s Day | Disney+,2020-02-14T16:07:10Z,2020-02-14T16:07:10Z
205,UCIrgJInjLS2BhlHOMDW7v0g,Ru548b63IZA,A Goofy Movie | All the Facts | Disney+ Deets,2021-01-13T17:00:25Z,2021-01-13T17:00:25Z
206,UCIrgJInjLS2BhlHOMDW7v0g,AV8NXzi5Lj0,Disney+ Has All the GOATs | Disney+,2022-02-14T00:39:48Z,2022-02-14T00:39:48Z
207,UCIrgJInjLS2BhlHOMDW7v0g,9pUaaU8pPVw,Disney+ &#39;This Is Me&#39; Pride Celebration Spectacular,2021-06-27T14:00:07Z,2021-06-27T14:00:07Z
208,UCIrgJInjLS2BhlHOMDW7v0g,GZ4rwmkzzSg,Why We Love Hocus Pocus’ Mary Sanderson | Disney+,2021-10-07T16:00:06Z,2021-10-07T16:00:06Z
209,UCIrgJInjLS2BhlHOMDW7v0g,eLajMRZxEXY,Yule Log | Home Sweet Home Alone | Disney+,2021-12-02T17:00:22Z,2021-12-02T17:00:22Z
210,UCIrgJInjLS2BhlHOMDW7v0g,JrYAI9OduFY,Three&#39;s a Party: Celebrating Three Years | Disney+,2022-11-12T17:00:13Z,2022-11-12T17:00:13Z
211,UCIrgJInjLS2BhlHOMDW7v0g,y1gzxdjcjxA,Cool Runnings | All the Facts | Disney+ Deets,2021-02-10T17:00:21Z,2021-02-10T17:00:21Z
212,UCIrgJInjLS2BhlHOMDW7v0g,J_xCz3L471U,On the Set of Big Shot Season 2 with John Stamos and Yvette Nicole Brown | Disney+,2022-10-14T16:00:11Z,2022-10-14T16:00:11Z
213,UCIrgJInjLS2BhlHOMDW7v0g,c0xnI1sBp_g,Disney+ Sizzle,2020-12-11T01:05:37Z,2020-12-11T01:05:37Z
214,UCIrgJInjLS2BhlHOMDW7v0g,OORChTWvm4Y,Next On Disney+ | August 2021,2021-08-01T16:00:24Z,2021-08-01T16:00:24Z
215,UCIrgJInjLS2BhlHOMDW7v0g,OORChTWvm4Y,Next On Disney+ | August 2021,2021-08-01T16:00:24Z,2021-08-01T16:00:24Z
216,UCIrgJInjLS2BhlHOMDW7v0g,uL-pbIb6A6E,Official Clip – The Castles | Behind the Attraction | Disney+,2021-08-20T18:03:17Z,2021-08-20T18:03:17Z
217,UCIrgJInjLS2BhlHOMDW7v0g,rKCUPdZHyyc,Coco | All the Facts | Disney+ Deets,2021-11-01T20:00:11Z,2021-11-01T20:00:11Z
218,UCIrgJInjLS2BhlHOMDW7v0g,L6TvomcqlRg,National Treasure | All the Facts | Disney+ Deets,2020-11-22T17:00:08Z,2020-11-22T17:00:08Z
219,UCIrgJInjLS2BhlHOMDW7v0g,UQ7Vl15B7_4,"Low-Key, We’re Loving These Loki Looks | Disney+",2021-06-15T16:00:13Z,2021-06-15T16:00:13Z
220,UCIrgJInjLS2BhlHOMDW7v0g,AxoFYwwk87Y,Hecklers | Monsters at Work | Disney+,2021-07-21T23:33:44Z,2021-07-21T23:33:44Z
221,UCIrgJInjLS2BhlHOMDW7v0g,Ew2IMqTM564,Witness Your Favorites | Disney+,2021-03-01T17:46:17Z,2021-03-01T17:46:17Z
222,UCIrgJInjLS2BhlHOMDW7v0g,4xbJdx7X_Hw,Make Your Mark | Disney+,2022-03-08T17:53:54Z,2022-03-08T17:53:54Z
223,UCIrgJInjLS2BhlHOMDW7v0g,OowxAH-65SQ,Screaming Soon | Hallowstream | Disney+,2022-09-14T16:09:23Z,2022-09-14T16:09:23Z
224,UCIrgJInjLS2BhlHOMDW7v0g,VLAVPVT_yFQ,The Best Marvel References | The Simpsons | Disney+,2020-01-17T20:17:12Z,2020-01-17T20:17:12Z
225,UCIrgJInjLS2BhlHOMDW7v0g,fq_mT2WDKvA,Transformation | Happier Than Ever: A Love Letter to Los Angeles | Disney+,2021-08-04T16:00:36Z,2021-08-04T16:00:36Z
226,UCIrgJInjLS2BhlHOMDW7v0g,Gf4AXNthfVg,Q&amp;A Featurette | Marvel Studios’ Thor: Love and Thunder | Disney+,2022-10-15T19:00:11Z,2022-10-15T19:00:11Z
227,UCIrgJInjLS2BhlHOMDW7v0g,W1waReygdb0,Marvel Studios&#39; Black Panther | All the Facts | Disney+ Deets,2021-02-16T18:00:20Z,2021-02-16T18:00:20Z
228,UCIrgJInjLS2BhlHOMDW7v0g,oCLRLwUpMR4,Special Look | Turner &amp; Hooch | Disney+,2021-05-20T15:00:21Z,2021-05-20T15:00:21Z
229,UCIrgJInjLS2BhlHOMDW7v0g,n3Pt0qQVs3I,Marvel Studios&#39; The Avengers | All the Facts | Disney+ Deets,2021-06-02T16:29:32Z,2021-06-02T16:29:32Z
230,UCIrgJInjLS2BhlHOMDW7v0g,3k9azK8WRhw,Coming This September | Disney+,2020-08-19T19:44:48Z,2020-08-19T19:44:48Z
231,UCIrgJInjLS2BhlHOMDW7v0g,dGhUAOPNCcU,Streaming This Month | Disney+,2022-03-04T22:10:12Z,2022-03-04T22:10:12Z
232,UCIrgJInjLS2BhlHOMDW7v0g,RXJBjx8cvfs,The Future is Limitless | Disney+,2020-09-21T00:33:03Z,2020-09-21T00:33:03Z
233,UCIrgJInjLS2BhlHOMDW7v0g,4Mp_AY0eflM,Embrace the Chaos of Marvel Studios&#39; Moon Knight,2022-05-31T16:00:03Z,2022-05-31T16:00:03Z
234,UCIrgJInjLS2BhlHOMDW7v0g,w04bAp6tliw,"An Appreciation for the God of Mischief, Loki | Disney+",2021-05-28T16:00:30Z,2021-05-28T16:00:30Z
235,UCIrgJInjLS2BhlHOMDW7v0g,fQ8_nyXQYu8,Marvel Studios&#39; Guardians of the Galaxy | All the Facts | Disney+ Deets,2020-12-02T17:00:30Z,2020-12-02T17:00:30Z
236,UCIrgJInjLS2BhlHOMDW7v0g,9IBMdjd26ig,It&#39;s Here | Disney+ Day | Disney+,2022-09-08T12:00:05Z,2022-09-08T12:00:05Z
237,UCIrgJInjLS2BhlHOMDW7v0g,uQ1ulvhSeiE,It’s Coming | Disney+ Day,2021-09-22T21:10:15Z,2021-09-22T21:10:15Z
238,UCIrgJInjLS2BhlHOMDW7v0g,EzaaES4Gzuo,Hero Pose | Get the Feeling | Disney+,2022-02-18T18:00:44Z,2022-02-18T18:00:44Z
239,UCIrgJInjLS2BhlHOMDW7v0g,St1PBqmmsrk,Worthy or Unworthy Featurette | Marvel Studios’ Thor: Love and Thunder | Disney+,2022-10-08T19:00:09Z,2022-10-08T19:00:09Z
240,UCIrgJInjLS2BhlHOMDW7v0g,KsKosCOH7iY,"Surprise, Ya Filthy Animals | Home Alone Collection | Disney+",2020-11-13T17:40:07Z,2020-11-13T17:40:07Z
241,UCIrgJInjLS2BhlHOMDW7v0g,ubkbxn7tFwQ,Summer Fun | The Wonderful Summer of Mickey Mouse | Disney+,2022-07-06T21:36:41Z,2022-07-06T21:36:41Z
242,UCIrgJInjLS2BhlHOMDW7v0g,JkYuc9tb80k,30 for 30 | The Legend of the Flying V | Disney+,2021-03-19T16:00:07Z,2021-03-19T16:00:07Z
243,UCIrgJInjLS2BhlHOMDW7v0g,NfdIGKqPLFM,The Proud Family | All the Facts | Disney+ Deets,2021-03-29T16:02:43Z,2021-03-29T16:02:43Z
244,UCIrgJInjLS2BhlHOMDW7v0g,83Q_XeE3Ewg,Coming This May | Disney+,2021-04-15T19:00:16Z,2021-04-15T19:00:16Z
245,UCIrgJInjLS2BhlHOMDW7v0g,_ci1Sikz8LQ,Special Offer | Disney+ Day | Disney+,2021-11-08T08:00:02Z,2021-11-08T08:00:02Z
246,UCIrgJInjLS2BhlHOMDW7v0g,XTF2otsP16M,New Family Tree First Look | The Proud Family: Louder and Prouder | Disney+,2021-02-26T01:49:59Z,2021-02-26T01:49:59Z
247,UCIrgJInjLS2BhlHOMDW7v0g,bFq7wdaEApM,Which Witch? Featurette | Hocus Pocus 2 | Disney+,2022-11-01T01:14:14Z,2022-11-01T01:14:14Z
248,UCIrgJInjLS2BhlHOMDW7v0g,sMXpqgjFlGQ,This Is Disney+ YouTube | Disney+,2021-01-12T20:00:10Z,2021-01-12T20:00:10Z
249,UCIrgJInjLS2BhlHOMDW7v0g,Ae-rRcJSkKI,Disney and Pixar&#39;s The Incredibles | All the Facts | Disney+ Deets,2020-11-05T19:00:01Z,2020-11-05T19:00:01Z
250,UCIrgJInjLS2BhlHOMDW7v0g,8bWklZPZ5UM,Coming This June | Disney+,2021-05-24T17:39:52Z,2021-05-24T17:39:52Z
251,UCIrgJInjLS2BhlHOMDW7v0g,Q3F1TN5ZC04,Orchestra | Happier Than Ever: A Love Letter to Los Angeles | Disney+,2021-08-10T16:04:11Z,2021-08-10T16:04:11Z
252,UCIrgJInjLS2BhlHOMDW7v0g,upE9j2Sh-oU,To All the Dads | Disney+,2021-06-20T18:18:04Z,2021-06-20T18:18:04Z
253,UCIrgJInjLS2BhlHOMDW7v0g,bHofahrp4aY,Black Widow&#39;s Greatest Moments | Disney+,2021-07-09T16:00:18Z,2021-07-09T16:00:18Z
254,UCIrgJInjLS2BhlHOMDW7v0g,gen0jpW49L0,Mind-Blowing | Disney+,2022-09-13T03:09:59Z,2022-09-13T03:09:59Z
255,UCIrgJInjLS2BhlHOMDW7v0g,0fl6yO8BEE0,One Mission | The Right Stuff | Disney+,2020-09-20T17:39:52Z,2020-09-20T17:39:52Z
256,UCIrgJInjLS2BhlHOMDW7v0g,DpHw7pxRUtk,Home Alone | All the Facts | Disney+ Deets,2021-12-08T18:14:18Z,2021-12-08T18:14:18Z
257,UCIrgJInjLS2BhlHOMDW7v0g,XGwj9d6oG7A,The Nightmare Before Christmas | All the Facts | Disney+ Deets,2020-10-27T16:00:08Z,2020-10-27T16:00:08Z
258,UCIrgJInjLS2BhlHOMDW7v0g,hmng5uDVSZs,The Stories That Connect Us | Disney+,2022-05-02T21:18:13Z,2022-05-02T21:18:13Z
259,UCIrgJInjLS2BhlHOMDW7v0g,9139an-HzDk,Timeless Family Classics | Disney+,2022-08-24T20:51:12Z,2022-08-24T20:51:12Z
260,UCIrgJInjLS2BhlHOMDW7v0g,KOn14RwNZ5g,Coming This August | Disney+,2020-07-16T19:14:41Z,2020-07-16T19:14:41Z
261,UCIrgJInjLS2BhlHOMDW7v0g,bHofahrp4aY,Black Widow&#39;s Greatest Moments | Disney+,2021-07-09T16:00:18Z,2021-07-09T16:00:18Z
262,UCIrgJInjLS2BhlHOMDW7v0g,ABHl2aJnpkc,New Parental Control Settings | Disney+ Star,2021-02-23T11:00:09Z,2021-02-23T11:00:09Z
263,UCIrgJInjLS2BhlHOMDW7v0g,YTy6x53ogVY,Inspired by Love | Clouds | Disney+,2020-09-25T17:07:16Z,2020-09-25T17:07:16Z
264,UCIrgJInjLS2BhlHOMDW7v0g,gen0jpW49L0,Mind-Blowing | Disney+,2022-09-13T03:09:59Z,2022-09-13T03:09:59Z
265,UCIrgJInjLS2BhlHOMDW7v0g,remYjW0KBsk,10 Sports Movies to Watch on Disney+,2022-06-24T16:00:40Z,2022-06-24T16:00:40Z
266,UCIrgJInjLS2BhlHOMDW7v0g,RQt7oEoId0U,Streaming This August | Disney+,2022-08-08T20:41:36Z,2022-08-08T20:41:36Z
267,UCIrgJInjLS2BhlHOMDW7v0g,plexVkc-wYU,Coming This September | Disney+,2021-08-17T20:11:23Z,2021-08-17T20:11:23Z
268,UCIrgJInjLS2BhlHOMDW7v0g,2XIyF6SHnm0,First Look | Turning the Tables with Robin Roberts | Disney+,2021-05-06T20:17:17Z,2021-05-06T20:17:17Z
269,UCIrgJInjLS2BhlHOMDW7v0g,j08uKCeBDXQ,The Ultimate Scare Package | Disney Bundle,2022-10-03T17:12:44Z,2022-10-03T17:12:44Z
270,UCIrgJInjLS2BhlHOMDW7v0g,1poH9XhJra4,Blooper Reels | Muppets Haunted Mansion | Disney+,2021-11-21T15:30:20Z,2021-11-21T15:30:20Z
271,UCIrgJInjLS2BhlHOMDW7v0g,2x_mvFO9Pzw,Happy Holidays and Season&#39;s Streamings | Disney+,2021-12-17T17:00:02Z,2021-12-17T17:00:02Z
272,UCIrgJInjLS2BhlHOMDW7v0g,AX7NDqK9gj8,The Journey of Thor | Disney+,2022-09-13T20:00:03Z,2022-09-13T20:00:03Z
273,UCIrgJInjLS2BhlHOMDW7v0g,HIYHRa5tA68,Star Wars: Return of the Jedi | All the Facts | Disney+ Deets,2021-12-15T17:00:11Z,2021-12-15T17:00:11Z
274,UCIrgJInjLS2BhlHOMDW7v0g,gGuvyNpgsoA,Our New Journey Featurette | Big Shot season 2 | Disney+,2022-10-14T16:39:57Z,2022-10-14T16:39:57Z
275,UCIrgJInjLS2BhlHOMDW7v0g,gGuvyNpgsoA,Our New Journey Featurette | Big Shot season 2 | Disney+,2022-10-14T16:39:57Z,2022-10-14T16:39:57Z
276,UCIrgJInjLS2BhlHOMDW7v0g,qlrrVBR6M_o,Dive In | Secrets of the Whales | Disney+,2021-04-22T23:03:06Z,2021-04-22T23:03:06Z
277,UCIrgJInjLS2BhlHOMDW7v0g,VedLPEprZR4,Across the Galaxy | May the 4th | Disney+,2022-05-04T19:00:16Z,2022-05-04T19:00:16Z
278,UCIrgJInjLS2BhlHOMDW7v0g,EMUO1igp2sg,"Home Sweet Home Alone, &quot;Ciao Alberto&quot; Director McKenna Harris | What&#39;s Up, Disney+",2021-11-04T20:00:02Z,2021-11-04T20:00:02Z
279,UCIrgJInjLS2BhlHOMDW7v0g,B9lWwEdzj4o,The Punchline | Monsters at Work | Disney+,2021-08-11T19:00:07Z,2021-08-11T19:00:07Z
280,UCIrgJInjLS2BhlHOMDW7v0g,qlrrVBR6M_o,Dive In | Secrets of the Whales | Disney+,2021-04-22T23:03:06Z,2021-04-22T23:03:06Z
281,UCIrgJInjLS2BhlHOMDW7v0g,KrU5bEBRwFw,Coming This March | Disney+,2021-02-16T20:00:08Z,2021-02-16T20:00:08Z
282,UCIrgJInjLS2BhlHOMDW7v0g,AX7NDqK9gj8,The Journey of Thor | Disney+,2022-09-13T20:00:03Z,2022-09-13T20:00:03Z
283,UCIrgJInjLS2BhlHOMDW7v0g,HDGOGWf0c98,Voces Unidas | Disney+,2022-09-21T16:00:10Z,2022-09-21T16:00:10Z
284,UCIrgJInjLS2BhlHOMDW7v0g,-bT8cqDSVF8,Seeing Multiples | Disney+,2021-04-30T16:00:00Z,2021-04-30T16:00:00Z
285,UCIrgJInjLS2BhlHOMDW7v0g,CDCYtD0sgHs,Yoda Tells It Like It Is | Disney+,2020-12-30T17:00:10Z,2020-12-30T17:00:10Z
286,UCIrgJInjLS2BhlHOMDW7v0g,-bT8cqDSVF8,Seeing Multiples | Disney+,2021-04-30T16:00:00Z,2021-04-30T16:00:00Z
287,UCIrgJInjLS2BhlHOMDW7v0g,H2gNXRXEJTM,Nothing Beats It | Disney+ Day | Disney+,2022-09-08T13:31:03Z,2022-09-08T13:31:03Z
288,UCIrgJInjLS2BhlHOMDW7v0g,9NJexAexfjg,Disney+ Loves the Beatles | Disney+,2021-11-30T23:35:54Z,2021-11-30T23:35:54Z
289,UCIrgJInjLS2BhlHOMDW7v0g,aqlReuXbJjY,Marvel Super Heroes on the Art of Snacking | Disney+,2020-12-05T17:00:03Z,2020-12-05T17:00:03Z
290,UCIrgJInjLS2BhlHOMDW7v0g,ummgr8LVIg4,The Importance of Representation | Disney+ Voices,2021-06-29T19:02:35Z,2021-06-29T19:02:35Z
291,UCIrgJInjLS2BhlHOMDW7v0g,Rhc0g6rqVck,World Premiere | Growing Up | Disney+,2022-09-19T19:43:47Z,2022-09-19T19:43:47Z
292,UCIrgJInjLS2BhlHOMDW7v0g,rRX5NY2m4Xs,The Art of Disney Animator Floyd Norman | Black History Month | Disney+,2022-02-23T17:00:39Z,2022-02-23T17:00:39Z
293,UCIrgJInjLS2BhlHOMDW7v0g,37Ku51x2wEs,This Season With Nini | HSMTMTS Season 2 | Disney+,2021-05-12T20:45:57Z,2021-05-12T20:45:57Z
294,UCIrgJInjLS2BhlHOMDW7v0g,aX-Gkh-293U,Legendary Super Heroes | Disney+,2022-07-21T16:00:01Z,2022-07-21T16:00:01Z
295,UCIrgJInjLS2BhlHOMDW7v0g,aX-Gkh-293U,Legendary Super Heroes | Disney+,2022-07-21T16:00:01Z,2022-07-21T16:00:01Z
296,UCIrgJInjLS2BhlHOMDW7v0g,Rhc0g6rqVck,World Premiere | Growing Up | Disney+,2022-09-19T19:43:47Z,2022-09-19T19:43:47Z
297,UCIrgJInjLS2BhlHOMDW7v0g,suVKiTrEzI8,The Mighty Minute With Nick: Episode 7 | The Mighty Ducks: Game Changers | Disney+,2021-05-10T21:00:14Z,2021-05-10T21:00:14Z
298,UCIrgJInjLS2BhlHOMDW7v0g,JKMetnqvyvw,"Star Wars Celebration | What&#39;s Up, Disney+",2022-06-02T22:14:16Z,2022-06-02T22:14:16Z
299,UCIrgJInjLS2BhlHOMDW7v0g,cJ1rdLIp7d8,X-Men: The Animated Series | All the Facts | Disney+ Deets,2021-04-14T16:00:32Z,2021-04-14T16:00:32Z
300,UCIrgJInjLS2BhlHOMDW7v0g,KJYkB-tAqXI,Season 2 First Look | Diary of a Future President | Disney+,2021-07-12T18:35:37Z,2021-07-12T18:35:37Z
301,UCIrgJInjLS2BhlHOMDW7v0g,dqBrdmomHfs,Featurette | Muppets Haunted Mansion | Disney+,2021-10-07T20:00:03Z,2021-10-07T20:00:03Z
302,UCIrgJInjLS2BhlHOMDW7v0g,ByDDfCuCjH4,Revisit These Favorites to Get Ready for New Disney+ Day Premieres | Disney+ Day | Disney+,2021-11-11T17:00:07Z,2021-11-11T17:00:07Z
303,UCIrgJInjLS2BhlHOMDW7v0g,z-Wnfy8YpeU,We Believe - The Stories Continue | Disney+,2021-04-26T01:56:14Z,2021-04-26T01:56:14Z
304,UCIrgJInjLS2BhlHOMDW7v0g,i81aqpoSEpE,Introducing: The New Team | The Mighty Ducks: Game Changers | Disney+,2021-03-26T17:00:01Z,2021-03-26T17:00:01Z
305,UCIrgJInjLS2BhlHOMDW7v0g,Pf6t-or1IKc,The Sing-Alongs Collection | Disney+,2022-08-05T23:00:11Z,2022-08-05T23:00:11Z
306,UCIrgJInjLS2BhlHOMDW7v0g,ixi1RZG6n6w,The Whoopee Cushion | Monsters at Work | Disney+,2021-07-25T19:00:09Z,2021-07-25T19:00:09Z
307,UCIrgJInjLS2BhlHOMDW7v0g,OLgRwsQnk3Q,Next On Disney+ | February 2020,2020-02-01T15:00:13Z,2020-02-01T15:00:13Z
308,UCIrgJInjLS2BhlHOMDW7v0g,gj_Nm1cTFjk,One Precious Life | Clouds | Disney+,2020-09-24T00:24:12Z,2020-09-24T00:24:12Z
309,UCIrgJInjLS2BhlHOMDW7v0g,tuPOByqxono,Next On Disney+ | April 2020,2020-04-03T17:58:14Z,2020-04-03T17:58:14Z
310,UCIrgJInjLS2BhlHOMDW7v0g,4NK6VcnR9Ac,The Impact of Immigrant and Sports Narratives | Disney+ Voices,2022-08-29T20:00:02Z,2022-08-29T20:00:02Z
311,UCIrgJInjLS2BhlHOMDW7v0g,who3YDGa7as,Something Extra | Disney+,2020-08-28T01:00:06Z,2020-08-28T01:00:06Z
312,UCIrgJInjLS2BhlHOMDW7v0g,nMai8_zxIS0,Coming This November | Disney+,2021-10-18T19:00:15Z,2021-10-18T19:00:15Z
313,UCIrgJInjLS2BhlHOMDW7v0g,QLGIxf8QTVk,Coming This December | Disney+,2020-11-19T17:02:35Z,2020-11-19T17:02:35Z
314,UCIrgJInjLS2BhlHOMDW7v0g,okOFJ3Ehz2k,The Cast of Disney and Pixar&#39;s Soul Plays Disney Music Trivia  | Disney+,2021-01-02T16:00:15Z,2021-01-02T16:00:15Z
315,UCIrgJInjLS2BhlHOMDW7v0g,56C4iNPdurE,The Very Best of Friends in the MCU | Disney+,2021-09-13T16:35:49Z,2021-09-13T16:35:49Z
316,UCIrgJInjLS2BhlHOMDW7v0g,GNcD4Lfl3_s,Different Music | Disney+,2022-06-09T17:48:38Z,2022-06-09T17:48:38Z
317,UCIrgJInjLS2BhlHOMDW7v0g,1iWH8yWzriQ,Disney+ | Now Streaming,2019-08-24T01:58:10Z,2019-08-24T01:58:10Z
318,UCIrgJInjLS2BhlHOMDW7v0g,T5YO9dADaSU,Ice Cream Social at Salt &amp; Straw | The World According to Jeff Goldblum | Disney+,2019-11-19T17:38:58Z,2019-11-19T17:38:58Z
319,UCIrgJInjLS2BhlHOMDW7v0g,pMvEjO8bKZ4,The Santa Clause | All the Facts | Disney+ Deets,2020-11-11T22:00:14Z,2020-11-11T22:00:14Z
320,UCIrgJInjLS2BhlHOMDW7v0g,taFqr127A5g,From Our Fam | Disney+ Day | Disney+,2022-09-08T12:30:12Z,2022-09-08T12:30:12Z
321,UCIrgJInjLS2BhlHOMDW7v0g,T5YO9dADaSU,Ice Cream Social at Salt &amp; Straw | The World According to Jeff Goldblum | Disney+,2019-11-19T17:38:58Z,2019-11-19T17:38:58Z
322,UCIrgJInjLS2BhlHOMDW7v0g,6yIR658JUqg,"The Cast of Disney and Pixar&#39;s Soul | What&#39;s Up, Disney+ | Episode 10",2020-12-24T17:00:03Z,2020-12-24T17:00:03Z
323,UCIrgJInjLS2BhlHOMDW7v0g,ACT7_v6dEr8,Streaming This July | Disney+,2022-07-05T16:00:12Z,2022-07-05T16:00:12Z
324,UCIrgJInjLS2BhlHOMDW7v0g,JpUCQRYCc8A,10 Times the Eternals Stole Our Hearts | Disney+,2022-01-31T17:00:22Z,2022-01-31T17:00:22Z
325,UCIrgJInjLS2BhlHOMDW7v0g,m6IzHYiTXd8,Red Carpet World Premiere | Sneakerella | Disney+,2022-05-13T21:42:10Z,2022-05-13T21:42:10Z
326,UCIrgJInjLS2BhlHOMDW7v0g,hNRUXIhqyF8,"Celebrating The Princess Diaries&#39; 20th Anniversary | What&#39;s Up, Disney+",2021-08-07T20:00:09Z,2021-08-07T20:00:09Z
327,UCIrgJInjLS2BhlHOMDW7v0g,tsBX0_7vrPI,Official Clip - Kermit &amp; Miss Piggy | Muppets Haunted Mansion | Disney+,2021-10-07T16:03:44Z,2021-10-07T16:03:44Z
328,UCIrgJInjLS2BhlHOMDW7v0g,cqUYCbmJRLM,The Muppets Collection | Disney+,2021-11-21T15:08:22Z,2021-11-21T15:08:22Z
329,UCIrgJInjLS2BhlHOMDW7v0g,reUmALUJsrQ,Love Is in the Air | Disney+,2021-02-10T17:39:25Z,2021-02-10T17:39:25Z
330,UCIrgJInjLS2BhlHOMDW7v0g,OSKB5mkjyy4,Premier Access Explained | Disney+,2021-05-27T16:00:09Z,2021-05-27T16:00:09Z
331,UCIrgJInjLS2BhlHOMDW7v0g,gqtx-4LXAXQ,Disney+ Besties | Disney+,2022-07-30T16:00:20Z,2022-07-30T16:00:20Z
332,UCIrgJInjLS2BhlHOMDW7v0g,KdkqNEliBfA,Home Alone Hijinx | Disney+,2021-12-21T17:00:11Z,2021-12-21T17:00:11Z
333,UCIrgJInjLS2BhlHOMDW7v0g,ns7_LLDgJNs,Why You Want Marvel Studios’ Darcy Lewis In Your Corner | Disney+,2021-02-08T23:15:01Z,2021-02-08T23:15:01Z
334,UCIrgJInjLS2BhlHOMDW7v0g,O34k303VRl0,"Vocal Warm-Ups With the Cast of High School Musical: The Musical: The Series | What&#39;s Up, Disney+",2021-06-06T18:43:45Z,2021-06-06T18:43:45Z
335,UCIrgJInjLS2BhlHOMDW7v0g,QuI6jVeXMqQ,Be Heroic | Disney+,2021-08-24T01:02:30Z,2021-08-24T01:02:30Z
336,UCIrgJInjLS2BhlHOMDW7v0g,UYdPNsd1WY8,Smart Guy - Theme Song | Disney+ Throwbacks | Disney+,2020-04-28T17:30:00Z,2020-04-28T17:30:00Z
337,UCIrgJInjLS2BhlHOMDW7v0g,iT-qbsoDnbk,Next On Disney+ | November 2021,2021-11-01T16:00:32Z,2021-11-01T16:00:32Z
338,UCIrgJInjLS2BhlHOMDW7v0g,zxZe6YbSm9g,OLIVIA RODRIGO: driving home 2 u (a SOUR film) | Disney+,2022-03-28T20:00:12Z,2022-03-28T20:00:12Z
339,UCIrgJInjLS2BhlHOMDW7v0g,l46s7JrIJpg,Force Wave | Get the Feeling | Disney+,2022-02-17T20:00:08Z,2022-02-17T20:00:08Z
340,UCIrgJInjLS2BhlHOMDW7v0g,z4G7WoWEJ3Q,"One-Year Anniversary of Disney+ | What&#39;s Up, Disney+ | Episode 4",2020-11-13T04:32:45Z,2020-11-13T04:32:45Z
341,UCIrgJInjLS2BhlHOMDW7v0g,nt7bNbTyLEI,"Season&#39;s Streamings Watchlist, Foodtastic, Diary of a Wimpy Kid | What&#39;s Up, Disney",2021-12-16T21:47:09Z,2021-12-16T21:47:09Z
342,UCIrgJInjLS2BhlHOMDW7v0g,_mvzI0IhiXk,Monsters in the MCU | Disney+,2022-10-17T16:00:21Z,2022-10-17T16:00:21Z
343,UCIrgJInjLS2BhlHOMDW7v0g,SDztL-QMeHs,Streaming This September | Disney+,2022-09-15T18:00:12Z,2022-09-15T18:00:12Z
344,UCIrgJInjLS2BhlHOMDW7v0g,HXm6MpzVZCI,"Celebrating Earth Day, Marvel&#39;s Daredevil, Better Nate Than Ever | What&#39;s Up, Disney+",2022-04-21T20:43:44Z,2022-04-21T20:43:44Z
345,UCIrgJInjLS2BhlHOMDW7v0g,t9Ca4ARSfqA,Next On Disney+ | December 2021,2021-12-01T17:00:42Z,2021-12-01T17:00:42Z
346,UCIrgJInjLS2BhlHOMDW7v0g,VClu0ZC4pQE,See Something | Disney+,2022-06-10T17:55:28Z,2022-06-10T17:55:28Z
347,UCIrgJInjLS2BhlHOMDW7v0g,aiFPGx4n18Q,Disney+ Day Starter Pack | Disney+,2022-09-05T17:37:59Z,2022-09-05T17:37:59Z
348,UCIrgJInjLS2BhlHOMDW7v0g,7ZlPLA5rAL8,"Tom Hiddleston Shares Career Tips (and Tricks) Inspired by Marvel Studios’ Loki | What’s Up, Disney+",2021-06-11T20:00:02Z,2021-06-11T20:00:02Z
349,UCIrgJInjLS2BhlHOMDW7v0g,o2pFUT5puuM,Episode 7 Promo | Disney Insider | Disney+,2021-01-11T17:00:18Z,2021-01-11T17:00:18Z
350,UCIrgJInjLS2BhlHOMDW7v0g,XMD8EWWsJA4,Andor Red Carpet Launch Event | Disney+,2022-09-21T21:00:28Z,2022-09-21T21:00:28Z
351,UCIrgJInjLS2BhlHOMDW7v0g,IQxv6gTgXkA,Coming This October | Disney+,2020-09-17T16:03:54Z,2020-09-17T16:03:54Z
352,UCIrgJInjLS2BhlHOMDW7v0g,hLZENqrqd-g,"National Streaming Day | What&#39;s Up, Disney+",2022-05-21T03:46:28Z,2022-05-21T03:46:28Z
353,UCIrgJInjLS2BhlHOMDW7v0g,mpg2Ua6p22M,Next On Disney+ | January 2021,2021-01-01T17:00:14Z,2021-01-01T17:00:14Z
354,UCIrgJInjLS2BhlHOMDW7v0g,cgiePRvaPHM,The 5 Emotions of Kevin in Home Alone | Disney+,2021-11-02T16:00:16Z,2021-11-02T16:00:16Z
355,UCIrgJInjLS2BhlHOMDW7v0g,TKzdahicO1M,"Clint &amp; Kate: Partners, Am I Right? | Marvel Studios&#39; Hawkeye | Disney+",2021-12-22T17:00:17Z,2021-12-22T17:00:17Z
356,UCIrgJInjLS2BhlHOMDW7v0g,qmNJIxfmK5c,Get The Low-Down Featurette | Sneakerella | Disney+,2022-05-13T21:38:05Z,2022-05-13T21:38:05Z
357,UCIrgJInjLS2BhlHOMDW7v0g,0Xch5pASpUg,Coming This February | Disney+,2021-01-21T17:11:27Z,2021-01-21T17:11:27Z
358,UCIrgJInjLS2BhlHOMDW7v0g,IkTlShmcgWQ,"All Aboard Disney&#39;s Jungle Cruise | What&#39;s Up, Disney+",2021-07-31T20:00:08Z,2021-07-31T20:00:08Z
359,UCIrgJInjLS2BhlHOMDW7v0g,1xgK8L93cX0,Best Marvel Studios&#39; Dance Moves | Disney+,2021-09-18T16:00:01Z,2021-09-18T16:00:01Z
360,UCIrgJInjLS2BhlHOMDW7v0g,DWlVq1yolqM,"Talking ZOMBIES 3 and More | What&#39;s Up, Disney+",2022-07-21T20:00:08Z,2022-07-21T20:00:08Z
361,UCIrgJInjLS2BhlHOMDW7v0g,u_HRySNnSas,Next On Disney+ | April 2022,2022-04-01T20:04:56Z,2022-04-01T20:04:56Z
362,UCIrgJInjLS2BhlHOMDW7v0g,gk-IkOWyWE8,Make Your Own Path | Disney Bundle,2022-10-15T00:37:33Z,2022-10-15T00:37:33Z
363,UCIrgJInjLS2BhlHOMDW7v0g,68Dq3P3ReYI,And Beyond | Disney+ Day | Disney+,2021-11-12T22:34:43Z,2021-11-12T22:34:43Z
364,UCIrgJInjLS2BhlHOMDW7v0g,i2P2FmQgim4,Next On Disney+ | December 2020,2020-12-01T17:00:28Z,2020-12-01T17:00:28Z
365,UCIrgJInjLS2BhlHOMDW7v0g,-6s5NBX8PkQ,The Balancing Act | Disney+: Bridging the Gap | Disney+,2022-01-19T17:01:26Z,2022-01-19T17:01:26Z
366,UCIrgJInjLS2BhlHOMDW7v0g,r4yuj2bPLec,Next On Disney+ | May 2022,2022-05-01T16:00:22Z,2022-05-01T16:00:22Z
367,UCIrgJInjLS2BhlHOMDW7v0g,CxANumA5FtY,All Episodes Now Streaming | The Mighty Ducks: Game Changers | Disney+,2021-05-28T19:13:40Z,2021-05-28T19:13:40Z
368,UCIrgJInjLS2BhlHOMDW7v0g,G5pkr0_UOhE,"Official Clip | Love, Victor | Hulu and Disney+",2022-06-22T19:00:06Z,2022-06-22T19:00:06Z
369,UCIrgJInjLS2BhlHOMDW7v0g,W3_I68SsyGU,Clowns | Monsters at Work | Disney+,2021-08-04T19:00:08Z,2021-08-04T19:00:08Z
370,UCIrgJInjLS2BhlHOMDW7v0g,ZdJ1A51d-Vg,"Marvel Studios&#39; Victoria Alonso | What&#39;s Up, Disney+",2021-10-16T20:00:05Z,2021-10-16T20:00:05Z
371,UCIrgJInjLS2BhlHOMDW7v0g,BXwHVQiPGmA,Official Clip - Gonzo &amp; Pepe Have Arrived | Muppets Haunted Mansion | Disney+,2021-10-04T16:01:29Z,2021-10-04T16:01:29Z
372,UCIrgJInjLS2BhlHOMDW7v0g,q4Hw-bX0BYA,Next On Disney+ | February 2022,2022-02-05T01:34:00Z,2022-02-05T01:34:00Z
373,UCIrgJInjLS2BhlHOMDW7v0g,8EPaFXGQGTo,Watch Doctor Strange’s Cloak of Levitation Save Him (Again and Again) | Disney+,2020-11-06T17:00:05Z,2020-11-06T17:00:05Z
374,UCIrgJInjLS2BhlHOMDW7v0g,hXZWW_7Jezs,Featurette | The Proud Family: Louder and Prouder | Disney+,2022-03-09T19:00:01Z,2022-03-09T19:00:01Z
375,UCIrgJInjLS2BhlHOMDW7v0g,YHssLdG2k9Q,Legacy | Honor AAPI Voices | Disney+,2021-05-25T00:59:48Z,2021-05-25T00:59:48Z
376,UCIrgJInjLS2BhlHOMDW7v0g,qNGLFUo4O6c,The Impact of Strong Asian Leads | Disney+: Bridging the Gap | Disney+ YouTube,2022-05-26T20:01:11Z,2022-05-26T20:01:11Z
377,UCIrgJInjLS2BhlHOMDW7v0g,7EwPErB2u00,"National Streaming Day Recap with Disney+, Hulu, and ESPN+ | What’s Up, Disney+ | Episode 27",2021-05-21T18:26:02Z,2021-05-21T18:26:02Z
378,UCIrgJInjLS2BhlHOMDW7v0g,-KZ5UIQeTik,"May the 4th | What&#39;s Up, Disney+",2022-05-04T20:10:20Z,2022-05-04T20:10:20Z
379,UCIrgJInjLS2BhlHOMDW7v0g,vjxKjQ1bOI8,John Stamos and Lisa Leslie Play HORSE | Big Shot | Disney+,2021-04-29T17:00:08Z,2021-04-29T17:00:08Z
380,UCIrgJInjLS2BhlHOMDW7v0g,Voi_rwSdJpM,This Month on | Disney+: Bridging the Gap | Disney+ YouTube,2022-03-15T20:00:55Z,2022-03-15T20:00:55Z
381,UCIrgJInjLS2BhlHOMDW7v0g,r4yuj2bPLec,Next On Disney+ | May 2022,2022-05-01T16:00:22Z,2022-05-01T16:00:22Z
382,UCIrgJInjLS2BhlHOMDW7v0g,Ml4u1QKaXc4,"Disney+ Academy Award Nominations, Marvel Studios&#39; Moon Knight | What&#39;s Up, Disney+",2022-03-24T20:43:53Z,2022-03-24T20:43:53Z
383,UCIrgJInjLS2BhlHOMDW7v0g,iwLQO0qKyIQ,Official Clip - Pick Up | Muppets Haunted Mansion | Disney+,2021-10-04T16:01:24Z,2021-10-04T16:01:24Z
384,UCIrgJInjLS2BhlHOMDW7v0g,dpKAQE8Dg9I,Next On Disney+ | January 2022,2022-01-01T17:00:14Z,2022-01-01T17:00:14Z
385,UCIrgJInjLS2BhlHOMDW7v0g,qNGLFUo4O6c,The Impact of Strong Asian Leads | Disney+: Bridging the Gap | Disney+ YouTube,2022-05-26T20:01:11Z,2022-05-26T20:01:11Z
386,UCIrgJInjLS2BhlHOMDW7v0g,fk82TVymHKw,The Heroes of Marvel | Disney+,2021-03-26T20:00:05Z,2021-03-26T20:00:05Z
387,UCIrgJInjLS2BhlHOMDW7v0g,W29zfw4jB6Y,It&#39;s Time to Hallowstream | Disney+,2021-10-02T16:00:31Z,2021-10-02T16:00:31Z
388,UCIrgJInjLS2BhlHOMDW7v0g,tQMSi2mYtZY,13 Reasons Siblings Are the Best | Disney+,2020-11-27T17:00:17Z,2020-11-27T17:00:17Z
389,UCIrgJInjLS2BhlHOMDW7v0g,dpKAQE8Dg9I,Next On Disney+ | January 2022,2022-01-01T17:00:14Z,2022-01-01T17:00:14Z
390,UCIrgJInjLS2BhlHOMDW7v0g,6XNxFepGnAU,A Moment of Beauty | Black Beauty | Disney+,2020-12-22T18:22:46Z,2020-12-22T18:22:46Z
391,UCIrgJInjLS2BhlHOMDW7v0g,jLXGSoGzck0,The Mighty Minute With Nick: Episode 3 | The Mighty Ducks: Game Changers | Disney+,2021-04-13T00:00:07Z,2021-04-13T00:00:07Z
392,UCIrgJInjLS2BhlHOMDW7v0g,LtEpbej8lZw,"Celebrating Two Years | What&#39;s Up, Disney+ | Disney+ Day | Disney+",2021-11-12T22:00:22Z,2021-11-12T22:00:22Z
393,UCIrgJInjLS2BhlHOMDW7v0g,tQMSi2mYtZY,13 Reasons Siblings Are the Best | Disney+,2020-11-27T17:00:17Z,2020-11-27T17:00:17Z
394,UCIrgJInjLS2BhlHOMDW7v0g,c_s9LYvWWHU,Original Series Everyone is Quacking About | The Mighty Ducks: Game Changers | Disney+,2021-05-27T23:58:51Z,2021-05-27T23:58:51Z
395,UCIrgJInjLS2BhlHOMDW7v0g,KRea2ECqfdQ,"Lightyear and High School Musical: The Musical: The Series Season 3 | What&#39;s Up, Disney+",2022-07-28T21:42:55Z,2022-07-28T21:42:55Z
396,UCIrgJInjLS2BhlHOMDW7v0g,2KwAOeqz7Yg,Premier Access Explained | Disney+,2021-06-16T18:22:51Z,2021-06-16T18:22:51Z
397,UCIrgJInjLS2BhlHOMDW7v0g,FjJQlhBvXxA,Bold Babies Who Don&#39;t Need a Sitter | Disney+,2021-03-12T17:00:08Z,2021-03-12T17:00:08Z
398,UCIrgJInjLS2BhlHOMDW7v0g,fk82TVymHKw,The Heroes of Marvel | Disney+,2021-03-26T20:00:05Z,2021-03-26T20:00:05Z
399,UCIrgJInjLS2BhlHOMDW7v0g,PsyjeRo5utY,"Celebrating Pride and Juneteenth | What&#39;s Up, Disney+",2022-06-16T20:13:11Z,2022-06-16T20:13:11Z
400,UCIrgJInjLS2BhlHOMDW7v0g,KoF-JpCiSuY,The Pack Is Back | The Ice Age Adventures of Buck Wild | Disney+,2022-01-28T17:28:30Z,2022-01-28T17:28:30Z
401,UCIrgJInjLS2BhlHOMDW7v0g,arXW8aKBWRs,Ned Unboxing | Earth to Ned | Disney+,2021-01-01T19:00:01Z,2021-01-01T19:00:01Z
402,UCIrgJInjLS2BhlHOMDW7v0g,_v7N58owl2g,Next On Disney+ | June 2021,2021-06-01T16:00:15Z,2021-06-01T16:00:15Z
403,UCIrgJInjLS2BhlHOMDW7v0g,W29zfw4jB6Y,It&#39;s Time to Hallowstream | Disney+,2021-10-02T16:00:31Z,2021-10-02T16:00:31Z
404,UCIrgJInjLS2BhlHOMDW7v0g,q41vHlbB_5A,Welcome to the Ball | Rodgers and Hammerstein’s Cinderella | Disney+,2021-02-12T17:44:40Z,2021-02-12T17:44:40Z
405,UCIrgJInjLS2BhlHOMDW7v0g,JsxWBWgPaeo,Next On Disney+ | October 2021,2021-10-01T16:00:16Z,2021-10-01T16:00:16Z
406,UCIrgJInjLS2BhlHOMDW7v0g,aCt2tiPDxEg,"Encanto, The Book of Boba Fett | What&#39;s Up, Disney+",2021-12-23T21:00:01Z,2021-12-23T21:00:01Z
407,UCIrgJInjLS2BhlHOMDW7v0g,YOGrAwOKJK4,Wizards of Waverly Place - Theme Song | Disney+ Throwbacks | Disney+,2020-04-28T20:00:07Z,2020-04-28T20:00:07Z
408,UCIrgJInjLS2BhlHOMDW7v0g,Xl5fLA3mnBo,It&#39;s a Celebration on Disney+ | Disney+,2021-12-31T17:00:24Z,2021-12-31T17:00:24Z
409,UCIrgJInjLS2BhlHOMDW7v0g,e9DS-WjqVmo,Just Two Minutes of Really Cute Baby Animals | Disney+,2021-03-20T16:00:35Z,2021-03-20T16:00:35Z
410,UCIrgJInjLS2BhlHOMDW7v0g,qN9caVMtgv4,History Through the Eyes of Hamilton | Disney+,2020-12-06T17:00:16Z,2020-12-06T17:00:16Z
411,UCIrgJInjLS2BhlHOMDW7v0g,T_LcZs78ULE,14 Love Stories to Celebrate This Valentine&#39;s Day | Disney+,2022-02-14T17:00:16Z,2022-02-14T17:00:16Z
412,UCIrgJInjLS2BhlHOMDW7v0g,KQLGBGbbihw,Technology on Disney+ We Wish Really Existed | Disney+,2021-06-29T17:23:38Z,2021-06-29T17:23:38Z
413,UCIrgJInjLS2BhlHOMDW7v0g,LsROREokyCE,"The Muppet Show and the Cast of Flora &amp; Ulysses | What’s Up, Disney+ | Episode 16",2021-02-18T21:00:04Z,2021-02-18T21:00:04Z
414,UCIrgJInjLS2BhlHOMDW7v0g,ENCyVbkly5U,Black Authorship in Super Hero Narratives | Disney+ Voices,2022-07-29T16:00:08Z,2022-07-29T16:00:08Z
415,UCIrgJInjLS2BhlHOMDW7v0g,YZKBD3KybN0,Turning Red at the Turn of the Millennium | Disney+,2022-03-21T16:00:16Z,2022-03-21T16:00:16Z
416,UCIrgJInjLS2BhlHOMDW7v0g,dh6b1-U0yFM,Next On Disney+ | July 2021,2021-07-01T16:00:17Z,2021-07-01T16:00:17Z
417,UCIrgJInjLS2BhlHOMDW7v0g,1jbcZB-Iojg,Disney+ Celebrates Star Wars Day | Disney+,2021-05-04T16:00:01Z,2021-05-04T16:00:01Z
418,UCIrgJInjLS2BhlHOMDW7v0g,GubeyfeFGXE,Normalizing Diversity in the Sciences Through Media | Disney+ Voices,2022-04-29T16:06:22Z,2022-04-29T16:06:22Z
419,UCIrgJInjLS2BhlHOMDW7v0g,OIm_dPuF2mw,"Marvel Studios&#39; Black Widow | What&#39;s Up, Disney+",2021-07-08T20:00:02Z,2021-07-08T20:00:02Z
420,UCIrgJInjLS2BhlHOMDW7v0g,5-72zajWO-Q,Next On Disney+ | February 2021,2021-02-01T17:00:01Z,2021-02-01T17:00:01Z
421,UCIrgJInjLS2BhlHOMDW7v0g,GubeyfeFGXE,Normalizing Diversity in the Sciences Through Media | Disney+ Voices,2022-04-29T16:06:22Z,2022-04-29T16:06:22Z
422,UCIrgJInjLS2BhlHOMDW7v0g,QMDp3TFIaKE,Welcome to the Unexpected | Disney+,2022-08-06T20:00:04Z,2022-08-06T20:00:04Z
423,UCIrgJInjLS2BhlHOMDW7v0g,YsZsvf8E_lQ,"The Cast &amp; Crew of Marvel Studios&#39; She-Hulk: Attorney at Law | What&#39;s Up, Disney+",2022-08-27T20:00:07Z,2022-08-27T20:00:07Z
424,UCIrgJInjLS2BhlHOMDW7v0g,jxXMrrTKJpQ,Earth Month 2021 | Disney+,2021-04-06T14:00:13Z,2021-04-06T14:00:13Z
425,UCIrgJInjLS2BhlHOMDW7v0g,_RnMkd8YSpk,Advocacy and Authenticity in Entertainment | Disney+ Voices,2021-10-29T16:00:19Z,2021-10-29T16:00:19Z
426,UCIrgJInjLS2BhlHOMDW7v0g,zRHPp2ZKh2M,&quot;This Christmas” by Sofia Wylie | High School Musical: The Musical: The Holiday Special | Disney+,2020-11-24T20:00:09Z,2020-11-24T20:00:09Z
427,UCIrgJInjLS2BhlHOMDW7v0g,aM8KPcg9n3Y,The Importance of Tradition and Heritage in Storytelling | Disney+ Voices,2021-12-29T17:00:04Z,2021-12-29T17:00:04Z
428,UCIrgJInjLS2BhlHOMDW7v0g,dFwJuR_45VY,The Mighty Minute With Nick: Episode 4 | The Mighty Ducks: Game Changers | Disney+,2021-04-22T14:41:03Z,2021-04-22T14:41:03Z
429,UCIrgJInjLS2BhlHOMDW7v0g,QuI6jVeXMqQ,Be Heroic | Disney+,2021-08-24T01:02:30Z,2021-08-24T01:02:30Z
430,UCIrgJInjLS2BhlHOMDW7v0g,dFwJuR_45VY,The Mighty Minute With Nick: Episode 4 | The Mighty Ducks: Game Changers | Disney+,2021-04-22T14:41:03Z,2021-04-22T14:41:03Z
431,UCIrgJInjLS2BhlHOMDW7v0g,zcMk6qHDsIk,Disney&#39;s Adventures of the Gummi Bears | All the Facts | Disney+ Deets,2021-01-27T17:00:32Z,2021-01-27T17:00:32Z
432,UCIrgJInjLS2BhlHOMDW7v0g,sTDIFSHYenw,"Emilio Estevez on Returning to the Role of Coach Gordon Bombay | What&#39;s Up, Disney+",2021-05-26T20:00:09Z,2021-05-26T20:00:09Z
433,UCIrgJInjLS2BhlHOMDW7v0g,aq0Gz_UjpLA,Generational Legacy in Storytelling | Disney+ Voices,2021-07-29T18:54:27Z,2021-07-29T18:54:27Z
434,UCIrgJInjLS2BhlHOMDW7v0g,MrOtE7zQEgI,Special Access for Disney+ Subscribers | shopDisney | Disney+,2022-09-09T06:29:37Z,2022-09-09T06:29:37Z
435,UCIrgJInjLS2BhlHOMDW7v0g,bC7sc7ExwoM,"Monsters at Work and Disney and Pixar&#39;s Luca | What&#39;s Up, Disney+",2021-07-01T20:00:07Z,2021-07-01T20:00:07Z
436,UCIrgJInjLS2BhlHOMDW7v0g,CIWmBm-YwUU,The Ultimate Disney+ Training Montage | Disney+,2021-06-18T16:00:05Z,2021-06-18T16:00:05Z
437,UCIrgJInjLS2BhlHOMDW7v0g,Kdj3wNUIyFE,Beauty and the Beast | All the Facts | Disney+ Deets,2021-05-19T16:00:08Z,2021-05-19T16:00:08Z
438,UCIrgJInjLS2BhlHOMDW7v0g,iE4UX3MTlSk,"Hallowstream, Muppets Haunted Mansion | What&#39;s Up, Disney+",2021-10-28T20:00:18Z,2021-10-28T20:00:18Z
439,UCIrgJInjLS2BhlHOMDW7v0g,sH_Zo9-wv_I,"Walt Disney World Resort&#39;s 50th Anniversary and Marvel Studios&#39; Hawkeye | What&#39;s Up, Disney+",2021-11-18T23:28:24Z,2021-11-18T23:28:24Z
440,UCIrgJInjLS2BhlHOMDW7v0g,X1l62LOwN0c,Black and Proud | Disney+,2022-02-11T17:00:18Z,2022-02-11T17:00:18Z
441,UCIrgJInjLS2BhlHOMDW7v0g,TUK-r_dZV2A,Stand-Up Comedy with Aisha Tyler | Earth to Ned | Disney+,2021-05-05T16:00:11Z,2021-05-05T16:00:11Z
442,UCIrgJInjLS2BhlHOMDW7v0g,go4-IqB4guw,"This is What&#39;s Up, Disney+ | Disney+",2022-10-02T16:00:22Z,2022-10-02T16:00:22Z
443,UCIrgJInjLS2BhlHOMDW7v0g,m7bNfGNfWD4,"Sketchbook&#39;s Mark Henn | What&#39;s Up, Disney+",2022-04-30T20:00:08Z,2022-04-30T20:00:08Z
444,UCIrgJInjLS2BhlHOMDW7v0g,vqPu2jsff-s,Your Disney+ New Year&#39;s Resolutions | Disney+,2022-01-01T21:00:31Z,2022-01-01T21:00:31Z
445,UCIrgJInjLS2BhlHOMDW7v0g,9W6YTx9yrvc,Next On Disney+ | March 2022,2022-03-01T22:46:56Z,2022-03-01T22:46:56Z
446,UCIrgJInjLS2BhlHOMDW7v0g,xOYgIm--OFk,"Meet the Filmmakers Behind Marvel&#39;s 616 | What&#39;s Up, Disney+ | Episode 5",2020-11-19T17:00:16Z,2020-11-19T17:00:16Z
447,UCIrgJInjLS2BhlHOMDW7v0g,0vnNdct5bP4,The Cast and Crew of Pinocchio | Disney+,2022-09-15T20:30:01Z,2022-09-15T20:30:01Z
448,UCIrgJInjLS2BhlHOMDW7v0g,OZp8XQfj0Xg,All the Disney+ Happy Holiday Moments We Can Handle | Disney+,2020-12-19T17:00:22Z,2020-12-19T17:00:22Z
449,UCIrgJInjLS2BhlHOMDW7v0g,wyqjjaxAVrM,"Lucasfilm’s 50th Anniversary | What’s Up, Disney+ | Episode 24",2021-04-29T20:00:23Z,2021-04-29T20:00:23Z
450,UCIrgJInjLS2BhlHOMDW7v0g,fKDRLCIFrwg,All Episodes Now Streaming | Diary of a Future President | Disney+,2021-08-18T19:45:15Z,2021-08-18T19:45:15Z
451,UCIrgJInjLS2BhlHOMDW7v0g,LPGWJaNmDLU,Football | Earth to Ned | Disney+,2021-04-28T16:00:10Z,2021-04-28T16:00:10Z
452,UCIrgJInjLS2BhlHOMDW7v0g,REFsqlPXvkg,R2-D2 and C-3PO: These Are the Droids You’re Looking For | Disney+,2020-11-10T17:00:04Z,2020-11-10T17:00:04Z
453,UCIrgJInjLS2BhlHOMDW7v0g,Z2e-keA7YH8,Disney and Pixar’s Turning Red World Premiere | Disney+,2022-03-11T21:00:21Z,2022-03-11T21:00:21Z
454,UCIrgJInjLS2BhlHOMDW7v0g,GE-9ABSSxS4,"The Cast of Disney&#39;s Jungle Cruise and Behind the Attraction | What&#39;s Up, Disney+",2021-07-29T20:00:06Z,2021-07-29T20:00:06Z
455,UCIrgJInjLS2BhlHOMDW7v0g,Cuf5mny0cu4,The Ultimate Halloween Counter | The Nightmare Before Christmas | Disney+,2022-10-31T16:00:14Z,2022-10-31T16:00:14Z
456,UCIrgJInjLS2BhlHOMDW7v0g,REFsqlPXvkg,R2-D2 and C-3PO: These Are the Droids You’re Looking For | Disney+,2020-11-10T17:00:04Z,2020-11-10T17:00:04Z
457,UCIrgJInjLS2BhlHOMDW7v0g,Z2e-keA7YH8,Disney and Pixar’s Turning Red World Premiere | Disney+,2022-03-11T21:00:21Z,2022-03-11T21:00:21Z
458,UCIrgJInjLS2BhlHOMDW7v0g,q82GUBXvVFo,The Power of Authenticity | Disney+ Voices,2021-05-29T17:59:56Z,2021-05-29T17:59:56Z
459,UCIrgJInjLS2BhlHOMDW7v0g,lrh4KsukO9M,School Daze on Disney+ | Disney+,2021-08-20T16:00:17Z,2021-08-20T16:00:17Z
460,UCIrgJInjLS2BhlHOMDW7v0g,iewm5vuphjY,"Marvel Studios&#39; The Infinity Saga | What&#39;s Up, Disney+",2021-09-30T15:00:02Z,2021-09-30T15:00:02Z
461,UCIrgJInjLS2BhlHOMDW7v0g,098MsbGKAGY,No one does #Hallowstream like Wanda. ✨,2022-10-23T00:00:01Z,2022-10-23T00:00:01Z
462,UCIrgJInjLS2BhlHOMDW7v0g,L_R3Lj6eh2w,"The Book of Boba Fett, The Ice Age Adventures of Buck Wild | What&#39;s Up, Disney+",2022-02-17T21:00:19Z,2022-02-17T21:00:19Z
463,UCIrgJInjLS2BhlHOMDW7v0g,DiG-t3eafF8,In Honor of Earth Day | Avatar,2022-04-22T15:00:05Z,2022-04-22T15:00:05Z
464,UCIrgJInjLS2BhlHOMDW7v0g,lrh4KsukO9M,School Daze on Disney+ | Disney+,2021-08-20T16:00:17Z,2021-08-20T16:00:17Z
465,UCIrgJInjLS2BhlHOMDW7v0g,xspfKsbARbw,"The Cast &amp; Crew of Marvel Studios&#39; Doctor Strange in the Multiverse of Madness | What&#39;s Up, Disney+",2022-07-16T20:00:21Z,2022-07-16T20:00:21Z
466,UCIrgJInjLS2BhlHOMDW7v0g,CmDl50D0BL4,Your Disney+ Favorites Took Place When?! | Disney+,2020-11-13T22:02:29Z,2020-11-13T22:02:29Z
467,UCIrgJInjLS2BhlHOMDW7v0g,V1GKNNt-w9k,"Free Solo, Critter Fixers, and Disney and Pixar&#39;s Soul | What&#39;s Up, Disney+ | Episode 7",2020-12-03T17:00:09Z,2020-12-03T17:00:09Z
468,UCIrgJInjLS2BhlHOMDW7v0g,klznaOeSdpI,The Art of Disney Legend Mary Blair | Women&#39;s History Month | Disney+,2022-03-20T16:00:21Z,2022-03-20T16:00:21Z
469,UCIrgJInjLS2BhlHOMDW7v0g,kmQ6ihYCPpQ,Kelly Marie Tran&#39;s Favorite Movies on Disney+ | Disney+,2022-01-16T17:00:36Z,2022-01-16T17:00:36Z
470,UCIrgJInjLS2BhlHOMDW7v0g,YJL49bjGi5U,8 Memorable Star Wars X-wing &amp; TIE Fighter Moments | Disney+,2021-05-07T16:00:14Z,2021-05-07T16:00:14Z
471,UCIrgJInjLS2BhlHOMDW7v0g,lgDi2Pmg0eQ,Disney+ #Hallowstream Drive-In Event | Disney+,2021-10-31T16:00:33Z,2021-10-31T16:00:33Z
472,UCIrgJInjLS2BhlHOMDW7v0g,o3Eo8W0eOiM,Magical Creatures Across Disney+ | Disney+,2021-02-02T17:00:31Z,2021-02-02T17:00:31Z
473,UCIrgJInjLS2BhlHOMDW7v0g,Zr2nlqL4mT8,Welcome Home | Disney+,2022-03-29T18:33:41Z,2022-03-29T18:33:41Z
474,UCIrgJInjLS2BhlHOMDW7v0g,6H0GsgEVJTY,Disney+ &#39;This Is Me&#39; Pride Celebration Spectacular,2021-06-28T00:00:11Z,2021-06-28T00:00:11Z
475,UCIrgJInjLS2BhlHOMDW7v0g,_LHKbAkDd8o,The Dogs of Disney+ | Disney+,2021-07-23T16:00:33Z,2021-07-23T16:00:33Z
476,UCIrgJInjLS2BhlHOMDW7v0g,ubJbqfqrsL4,Genevieve O’Reilly is Mon Mothma. Discover her journey to become a Rebel leader in #Andor.,2022-10-24T21:00:25Z,2022-10-24T21:00:25Z
477,UCIrgJInjLS2BhlHOMDW7v0g,8oCamPgbI2Y,Quality Family Time with Disney+ | Disney+,2022-08-17T16:00:04Z,2022-08-17T16:00:04Z
478,UCIrgJInjLS2BhlHOMDW7v0g,rF4kwVbc_qc,HYBE Initial Announcement | Disney+,2022-07-16T18:20:38Z,2022-07-16T18:20:38Z
479,UCIrgJInjLS2BhlHOMDW7v0g,fHnC5YV4pr8,Disney Channel Cast Superlatives | Disney+ Throwbacks | Disney+,2020-04-30T00:51:26Z,2020-04-30T00:51:26Z
480,UCIrgJInjLS2BhlHOMDW7v0g,l9eGWuVE15g,"Raya and the Last Dragon Co-Writer Qui Nguyen and the Cast of Cruella | What’s Up, Disney+",2021-05-27T20:00:07Z,2021-05-27T20:00:07Z
481,UCIrgJInjLS2BhlHOMDW7v0g,u3YSsnj5uHI,"Greatest Moments From The Book of Boba Fett | What&#39;s Up, Disney+",2022-02-19T21:00:30Z,2022-02-19T21:00:30Z
482,UCIrgJInjLS2BhlHOMDW7v0g,22vzNwjZC7A,"Celebrating the Fifth Anniversary of Zootopia With Byron Howard | What&#39;s Up, Disney+",2021-03-06T18:00:01Z,2021-03-06T18:00:01Z
483,UCIrgJInjLS2BhlHOMDW7v0g,xutzw0ssLQo,The Mandalorian Joins The Hunt In A New Season of Fortnite,2020-12-08T14:00:13Z,2020-12-08T14:00:13Z
484,UCIrgJInjLS2BhlHOMDW7v0g,9XKIkT0SAZU,Loki&#39;s Best Tricks | Disney+,2021-07-20T16:00:14Z,2021-07-20T16:00:14Z
485,UCIrgJInjLS2BhlHOMDW7v0g,JPEv78ldfbY,Surprising Disney Princess References in Enchanted | Disney+,2021-11-18T17:00:14Z,2021-11-18T17:00:14Z
486,UCIrgJInjLS2BhlHOMDW7v0g,cBttui3z2ME,Edna Mode&#39;s Life Lessons | Disney+,2020-11-17T17:00:17Z,2020-11-17T17:00:17Z
487,UCIrgJInjLS2BhlHOMDW7v0g,6SGCmoHJBXU,Pixar’s Rona Liu Talks “Bao” and Lunar New Year | Disney+,2021-02-12T20:00:01Z,2021-02-12T20:00:01Z
488,UCIrgJInjLS2BhlHOMDW7v0g,Qc297Ndpd7A,"Miss Piggy, Style Icon Extraordinaire | Disney+",2021-01-05T17:00:09Z,2021-01-05T17:00:09Z
489,UCIrgJInjLS2BhlHOMDW7v0g,KPi-NpUArMo,Dreams | Earth to Ned | Disney+,2021-05-09T16:00:14Z,2021-05-09T16:00:14Z
490,UCIrgJInjLS2BhlHOMDW7v0g,KPi-NpUArMo,Dreams | Earth to Ned | Disney+,2021-05-09T16:00:14Z,2021-05-09T16:00:14Z
491,UCIrgJInjLS2BhlHOMDW7v0g,ieNva93zyRk,"Ready, Set, Go Disney+ | Disney+",2021-02-20T18:00:10Z,2021-02-20T18:00:10Z
492,UCIrgJInjLS2BhlHOMDW7v0g,QQ0HIhFDOAU,"Chip &#39;n&#39; Dale: Park Life Trivia and Marvel Studios&#39; Loki Director Kate Herron | What&#39;s Up, Disney+",2021-07-22T20:00:10Z,2021-07-22T20:00:10Z
493,UCIrgJInjLS2BhlHOMDW7v0g,WBQl662hYBo,24 Hours of Disney+ | Disney+,2020-11-24T17:00:07Z,2020-11-24T17:00:07Z
494,UCIrgJInjLS2BhlHOMDW7v0g,nstyPK7ozmo,Festive Feasts From Across Disney+ | Disney+,2020-11-20T17:00:16Z,2020-11-20T17:00:16Z
495,UCIrgJInjLS2BhlHOMDW7v0g,H7E60fGRCTY,"Walt Disney World Resort 50th Anniversary, Olaf Presents Director Hyrum Osmond | What’s Up, Disney+",2021-12-02T22:03:27Z,2021-12-02T22:03:27Z
496,UCIrgJInjLS2BhlHOMDW7v0g,u9uyhhb2W30,How Coco Honors Día de los Muertos | Disney+,2020-11-01T16:00:23Z,2020-11-01T16:00:23Z
497,UCIrgJInjLS2BhlHOMDW7v0g,Vj0_wHnrskw,Heartwarming Moments with Disney+ Moms and Mother Figures,2022-05-07T16:00:13Z,2022-05-07T16:00:13Z
498,UCIrgJInjLS2BhlHOMDW7v0g,5b1ha5we6zg,10 Epic Action-Adventure Movies to Explore on Disney+,2022-03-23T16:00:04Z,2022-03-23T16:00:04Z
499,UCIrgJInjLS2BhlHOMDW7v0g,DClsDArHx38,The Mighty Minute With Nick: Episode 6 | The Mighty Ducks: Game Changers,2021-05-03T21:00:06Z,2021-05-03T21:00:06Z
500,UCIrgJInjLS2BhlHOMDW7v0g,X6L4HgiUIkU,Time to Transform | Disney+,2021-03-05T18:00:09Z,2021-03-05T18:00:09Z
501,UCIrgJInjLS2BhlHOMDW7v0g,At9vBvGIzA0,Villains are Hangry | Disney+,2020-10-25T16:00:02Z,2020-10-25T16:00:02Z
